Unnamed: 0,Brand,Model,CPU,GPU,RAM_GB,Storage_Type,Storage_GB,Touchscreen,Weight_kg,Screen_Size_inch,Price_SGD
0,Acer,Aspire 5,Intel i9-14900HK,NVIDIA RTX 4070,64,SSD,256,False,1.56,16.0,3640.18
1,Acer,Nitro 5,AMD Ryzen 9 8900HX,AMD Radeon 780M,32,SSD,1024,True,1.45,14.0,3009.03
2,Acer,Nitro 5,AMD Ryzen 5 8600H,NVIDIA RTX 4050,32,SSD,2048,False,1.34,14.0,2434.03
3,Acer,TravelMate P6,Intel Core Ultra 7 15500H,NVIDIA RTX 4060,16,SSD,4096,True,1.18,13.3,2863.3
4,Acer,Predator Helios 300,Intel i7-14800H,NVIDIA RTX 4070,8,SSD,1024,True,1.31,14.0,3036.3
5,Acer,Aspire 5,Intel i9-14900HK,NVIDIA RTX 4080,32,SSD,256,False,3.34,17.3,3832.94
6,Acer,TravelMate P6,Intel i9-14900HK,NVIDIA RTX 4080,128,SSD,1024,True,1.11,13.3,4966.61
7,Acer,Predator Helios 300,Intel Core Ultra 9 15700H,NVIDIA RTX 4070,16,SSD,2048,True,1.29,13.3,2965.92
8,Acer,Swift 3,Intel i5-14500H,NVIDIA RTX 4050,64,SSD,4096,False,1.4,13.3,2861.7
9,Acer,Nitro 5,Intel Core Ultra 9 15700H,NVIDIA RTX 4070,16,SSD,2048,False,1.15,13.3,2850.74
10,Acer,Nitro 5,Intel i5-14600H,Intel Iris Xe,32,SSD,256,True,1.06,14.0,2125.69
11,Acer,Swift 3,Intel i5-14500H,Intel Iris Xe,8,SSD,1024,True,2.47,15.6,1905.52
12,Acer,Swift 3,Intel Core Ultra 7 15500H,NVIDIA RTX 4060,8,SSD,2048,True,1.6,16.0,2483.57
13,Acer,Predator Helios 300,AMD Ryzen 5 8600H,NVIDIA RTX 4050,64,SSD,512,True,1.34,14.0,2643.73
14,Acer,Predator Helios 300,Intel i5-14500H,NVIDIA RTX 3050,128,SSD,1024,False,1.39,14.0,2875.48
15,Acer,Aspire 5,Intel i7-14800H,NVIDIA RTX 4060,16,SSD,2048,True,1.68,16.0,2878.02
16,Acer,Predator Helios 300,Intel i5-14600H,NVIDIA RTX 4050,16,SSD,2048,False,2.89,17.3,2243.99
17,Acer,Nitro 5,Intel i7-14700H,NVIDIA RTX 4070,8,SSD,2048,False,2.89,17.3,3039.38
18,Acer,Swift 3,Intel Core Ultra 9 15700H,Intel Arc A750M,64,SSD,2048,True,2.27,15.6,2419.91
19,Acer,Predator Helios 300,AMD Ryzen 5 8600H,NVIDIA RTX 4050,8,SSD,512,True,1.95,16.0,2081.67
20,Acer,Aspire 5,Intel i7-14700H,NVIDIA RTX 4060,64,SSD,1024,False,3.17,17.3,3036.91
21,Acer,TravelMate P6,Intel i7-14700H,NVIDIA RTX 4070,128,SSD,4096,True,1.72,16.0,4309.23
22,Acer,Swift 3,Intel Core Ultra 9 15700H,NVIDIA RTX 4070,32,SSD,2048,True,3.01,18.4,3052.6
23,Acer,Nitro 5,Intel i5-14600H,NVIDIA RTX 3050,64,SSD,1024,True,1.16,14.0,2472.75
24,Acer,Predator Helios 300,Intel i7-14700H,NVIDIA RTX 4070,16,SSD,4096,False,1.02,14.0,3416.8
25,Acer,Predator Helios 300,AMD Ryzen 5 8600H,NVIDIA RTX 3050,16,SSD,2048,True,2.58,17.3,2121.87
26,Acer,Predator Helios 300,Intel i9-14900HK,NVIDIA RTX 4080,16,SSD,512,False,1.53,15.6,3600.11
27,Acer,Nitro 5,Intel i5-14500H,NVIDIA RTX 3050,64,SSD,4096,False,1.94,15.6,2722.59
28,Acer,Swift 3,AMD Ryzen 5 8600H,NVIDIA RTX 4050,32,SSD,1024,False,1.59,15.6,2301.13
29,Acer,TravelMate P6,Intel Core Ultra 7 15500H,NVIDIA RTX 4070,32,SSD,4096,True,2.34,15.6,3227.65
30,Acer,Swift 3,AMD Ryzen 9 8900HX,AMD Radeon 780M,8,SSD,2048,False,1.22,14.0,2769.23
31,Acer,Predator Helios 300,AMD Ryzen 9 8900HX,NVIDIA RTX 4080,16,SSD,512,True,1.46,14.0,3836.7
32,Acer,Predator Helios 300,Intel i7-14700H,NVIDIA RTX 4070,32,SSD,2048,True,1.96,16.0,3349.19
33,Acer,Nitro 5,Intel Core Ultra 9 15700H,NVIDIA RTX 4080,32,SSD,2048,False,2.98,18.4,3324.26
34,Acer,TravelMate P6,Intel i7-14800H,NVIDIA RTX 4070,64,SSD,4096,False,2.23,16.0,3775.69
35,Acer,Aspire 5,Intel Core Ultra 9 15700H,NVIDIA RTX 4070,8,SSD,2048,True,1.48,13.3,2768.02
36,Acer,Predator Helios 300,Intel i7-14700H,NVIDIA RTX 4070,128,SSD,4096,True,2.53,18.4,4452.28
37,Acer,Predator Helios 300,Intel i7-14700H,NVIDIA RTX 4060,16,SSD,512,True,2.63,18.4,2676.19
38,Acer,Swift 3,Intel Core Ultra 7 15500H,Intel Arc A750M,128,SSD,256,True,2.44,15.6,2800.7
39,Acer,Nitro 5,Intel i9-14900HK,NVIDIA RTX 4070,32,SSD,1024,True,1.19,13.3,3721.9
40,Acer,Predator Helios 300,Intel i7-14700H,NVIDIA RTX 4070,8,SSD,4096,True,1.18,13.3,3465.71
41,Acer,Swift 3,Intel Core Ultra 7 15500H,Intel Arc A750M,8,SSD,1024,False,1.35,14.0,1626.91
42,Acer,Predator Helios 300,Intel Core Ultra 9 15700H,Intel Arc A750M,64,SSD,1024,False,2.92,17.3,2124.7
43,Acer,TravelMate P6,Intel i5-14600H,NVIDIA RTX 3050,8,SSD,512,True,3.37,17.3,1820.28
44,Acer,Aspire 5,AMD Ryzen 9 8900HX,NVIDIA RTX 4070,64,SSD,1024,True,2.15,15.6,3777.82
45,Acer,Swift 3,Intel Core Ultra 9 15700H,NVIDIA RTX 4070,64,SSD,4096,False,2.44,16.0,3385.15
46,Acer,Aspire 5,Intel i5-14600H,Intel Iris Xe,32,SSD,2048,True,1.76,15.6,2231.08
47,Acer,Nitro 5,Intel i9-14900HK,NVIDIA RTX 4080,32,SSD,512,False,2.79,18.4,3766.42
48,Acer,Swift 3,Intel i9-14900HK,NVIDIA RTX 4080,128,SSD,2048,False,1.37,13.3,4862.14
49,Acer,Predator Helios 300,AMD Ryzen 5 8600H,NVIDIA RTX 3050,64,SSD,256,True,1.21,13.3,2468.41
50,Acer,Aspire 5,Intel Core Ultra 7 15500H,Intel Arc A750M,32,SSD,256,True,2.62,18.4,1928.39
51,Acer,Predator Helios 300,Intel i5-14500H,Intel Iris Xe,32,SSD,512,False,2.4,16.0,1980.42
52,Acer,Nitro 5,Intel Core Ultra 9 15700H,NVIDIA RTX 4080,32,SSD,1024,True,1.18,14.0,3494.09
53,Acer,Predator Helios 300,Intel i5-14500H,Intel Iris Xe,16,SSD,256,True,2.27,15.6,1949.11
54,Acer,Nitro 5,AMD Ryzen 7 8800H,NVIDIA RTX 4070,64,SSD,2048,False,2.01,15.6,3507.76
55,Acer,TravelMate P6,Intel i5-14500H,Intel Iris Xe,64,SSD,512,False,1.47,14.0,2127.07
56,Acer,Predator Helios 300,Intel i9-14900HK,NVIDIA RTX 4070,128,SSD,512,True,1.42,14.0,4402.93
57,Acer,Swift 3,AMD Ryzen 9 8900HX,NVIDIA RTX 4080,64,SSD,2048,False,2.52,17.3,4425.75
58,Acer,Swift 3,Intel i5-14600H,NVIDIA RTX 4050,128,SSD,1024,False,1.25,13.3,3252.33
59,Acer,TravelMate P6,AMD Ryzen 7 8800H,NVIDIA RTX 4060,32,SSD,1024,True,1.11,13.3,3012.33
60,Acer,Predator Helios 300,AMD Ryzen 7 8800H,NVIDIA RTX 4060,32,SSD,4096,True,2.75,18.4,3238.81
61,Acer,Nitro 5,Intel i5-14500H,NVIDIA RTX 4050,8,SSD,1024,False,3.11,17.3,2038.19
62,Acer,Nitro 5,Intel i5-14600H,NVIDIA RTX 4050,128,SSD,1024,True,1.3,13.3,3264.49
63,Acer,Predator Helios 300,Intel i9-14900HK,NVIDIA RTX 4080,32,SSD,4096,False,2.8,18.4,4303.91
64,Acer,Predator Helios 300,Intel i7-14700H,NVIDIA RTX 4060,16,SSD,1024,True,1.1,14.0,2729.33
65,Acer,TravelMate P6,AMD Ryzen 7 8800H,NVIDIA RTX 4070,128,SSD,2048,False,3.06,18.4,4116.44
66,Acer,Predator Helios 300,Intel i9-14900HK,NVIDIA RTX 4070,128,SSD,2048,True,1.9,16.0,4430.89
67,Acer,TravelMate P6,Intel i7-14800H,NVIDIA RTX 4070,16,SSD,2048,False,1.79,15.6,3158.48
68,Acer,Predator Helios 300,Intel i9-14900HK,NVIDIA RTX 4080,64,SSD,512,False,1.46,14.0,4018.19
69,Acer,Predator Helios 300,Intel i9-14900HK,NVIDIA RTX 4080,32,SSD,256,True,2.43,15.6,3956.54
70,Acer,Swift 3,Intel Core Ultra 9 15700H,NVIDIA RTX 4070,8,SSD,1024,False,3.25,18.4,2598.42
71,Acer,Aspire 5,Intel Core Ultra 7 15500H,NVIDIA RTX 4070,128,SSD,4096,True,2.24,15.6,4074.21
72,Acer,TravelMate P6,Intel i7-14700H,NVIDIA RTX 4060,64,SSD,512,False,1.16,14.0,3087.49
73,Acer,Aspire 5,Intel i7-14800H,NVIDIA RTX 4080,128,SSD,2048,False,1.97,15.6,4533.15
74,Acer,Predator Helios 300,Intel i7-14800H,NVIDIA RTX 4070,8,SSD,256,False,1.12,13.3,2820.28
75,Acer,Nitro 5,Intel Core Ultra 7 15500H,Intel Arc A750M,128,SSD,4096,True,1.39,14.0,3185.29
76,Acer,Aspire 5,AMD Ryzen 5 8600H,NVIDIA RTX 3050,64,SSD,4096,True,1.17,14.0,2732.72
77,Acer,Swift 3,Intel i7-14800H,NVIDIA RTX 4060,8,SSD,1024,False,1.22,14.0,2604.05
78,Acer,Aspire 5,Intel i9-14900HK,NVIDIA RTX 4080,64,SSD,256,True,3.0,18.4,4198.69
79,Acer,Swift 3,Intel i7-14700H,NVIDIA RTX 4070,8,SSD,1024,True,1.31,13.3,3025.61
80,Acer,Nitro 5,Intel i5-14500H,Intel Iris Xe,8,SSD,1024,False,1.2,14.0,1848.24
81,Acer,Swift 3,Intel i5-14600H,Intel Iris Xe,64,SSD,256,True,2.75,17.3,2258.67
82,Acer,Swift 3,Intel i5-14500H,NVIDIA RTX 4050,64,SSD,4096,True,2.84,18.4,3024.7
83,Acer,Aspire 5,AMD Ryzen 5 8600H,NVIDIA RTX 3050,16,SSD,1024,True,3.15,18.4,1998.16
84,Acer,Predator Helios 300,Intel i9-14900HK,NVIDIA RTX 4080,64,SSD,2048,True,2.56,18.4,4389.78
85,Acer,Predator Helios 300,Intel i9-14900HK,NVIDIA RTX 4070,8,SSD,2048,True,3.13,18.4,3437.49
86,Acer,Nitro 5,Intel Core Ultra 9 15700H,Intel Arc A750M,16,SSD,2048,False,2.92,18.4,1818.8
87,Acer,Predator Helios 300,Intel i7-14700H,NVIDIA RTX 4060,16,SSD,2048,True,2.73,17.3,2844.42
88,Acer,TravelMate P6,Intel i5-14600H,NVIDIA RTX 3050,8,SSD,4096,True,3.4,17.3,2238.89
89,Acer,Predator Helios 300,Intel i5-14500H,NVIDIA RTX 4050,128,SSD,512,False,1.47,14.0,2965.65
90,Acer,Swift 3,Intel i7-14800H,NVIDIA RTX 4060,16,SSD,512,True,2.36,15.6,2671.77
91,Acer,Nitro 5,Intel i7-14800H,NVIDIA RTX 4080,8,SSD,1024,True,3.01,17.3,3434.14
92,Acer,TravelMate P6,AMD Ryzen 7 8800H,AMD Radeon 780M,64,SSD,512,False,1.19,13.3,2874.69
93,Acer,TravelMate P6,Intel i5-14600H,NVIDIA RTX 3050,128,SSD,512,True,3.07,18.4,2864.26
94,Acer,Predator Helios 300,AMD Ryzen 9 8900HX,AMD Radeon 780M,128,SSD,1024,True,3.15,17.3,3855.82
95,Acer,Swift 3,AMD Ryzen 9 8900HX,NVIDIA RTX 4080,16,SSD,2048,False,2.84,18.4,3755.46
96,Acer,Swift 3,AMD Ryzen 7 8800H,NVIDIA RTX 4060,64,SSD,1024,False,3.35,17.3,3097.36
97,Acer,Nitro 5,Intel Core Ultra 9 15700H,Intel Arc A750M,32,SSD,512,False,2.56,18.4,1853.61
98,Acer,Aspire 5,Intel Core Ultra 7 15500H,Intel Arc A750M,128,SSD,256,False,1.35,14.0,2614.82
99,Acer,TravelMate P6,AMD Ryzen 9 8900HX,NVIDIA RTX 4080,128,SSD,1024,False,2.28,15.6,4711.01
100,Acer,Aspire 5,Intel Core Ultra 9 15700H,NVIDIA RTX 4080,16,SSD,512,False,1.05,13.3,3138.57
101,Acer,Predator Helios 300,Intel i7-14800H,NVIDIA RTX 4060,16,SSD,512,True,1.41,14.0,2642.25
102,Acer,Predator Helios 300,Intel i5-14500H,NVIDIA RTX 3050,8,SSD,4096,True,1.67,16.0,2323.97
103,Acer,Aspire 5,Intel i9-14900HK,NVIDIA RTX 4070,64,SSD,2048,False,1.17,14.0,3940.11
104,Acer,Swift 3,Intel i5-14600H,Intel Iris Xe,32,SSD,256,True,2.39,16.0,2040.33
105,Acer,TravelMate P6,Intel Core Ultra 9 15700H,NVIDIA RTX 4080,8,SSD,1024,False,1.22,13.3,3120.75
106,Acer,Nitro 5,AMD Ryzen 9 8900HX,NVIDIA RTX 4080,128,SSD,256,False,1.45,14.0,4545.44
107,Acer,Swift 3,Intel i9-14900HK,NVIDIA RTX 4080,32,SSD,2048,False,2.01,15.6,4131.02
108,Acer,TravelMate P6,Intel Core Ultra 9 15700H,NVIDIA RTX 4070,16,SSD,1024,False,1.86,15.6,2663.87
109,Acer,Swift 3,Intel i7-14700H,NVIDIA RTX 4060,64,SSD,256,False,2.02,15.6,2968.79
110,Acer,TravelMate P6,AMD Ryzen 9 8900HX,NVIDIA RTX 4080,64,SSD,256,True,1.38,14.0,4268.19
111,Acer,Nitro 5,Intel Core Ultra 9 15700H,Intel Arc A750M,64,SSD,512,True,1.09,13.3,2272.27
112,Acer,Predator Helios 300,Intel i5-14500H,Intel Iris Xe,128,SSD,256,True,2.45,16.0,2845.39
113,Acer,Predator Helios 300,Intel i5-14500H,NVIDIA RTX 3050,8,SSD,256,True,3.48,18.4,1833.04
114,Acer,Predator Helios 300,Intel Core Ultra 7 15500H,NVIDIA RTX 4070,32,SSD,256,False,1.32,13.3,2695.3
115,Acer,Aspire 5,Intel Core Ultra 7 15500H,Intel Arc A750M,64,SSD,1024,False,1.45,13.3,2171.29
116,Acer,Nitro 5,Intel Core Ultra 9 15700H,NVIDIA RTX 4070,32,SSD,512,False,1.67,16.0,2762.83
117,Acer,Swift 3,AMD Ryzen 7 8800H,AMD Radeon 780M,128,SSD,512,True,2.89,17.3,3399.62
118,Acer,Aspire 5,AMD Ryzen 7 8800H,NVIDIA RTX 4060,64,SSD,512,False,2.33,15.6,2913.92
119,Acer,Swift 3,Intel Core Ultra 7 15500H,NVIDIA RTX 4070,32,SSD,512,True,1.82,15.6,2920.51
120,Acer,Aspire 5,Intel i7-14700H,NVIDIA RTX 4060,8,SSD,512,False,1.42,14.0,2526.73
121,Acer,Predator Helios 300,Intel i7-14800H,NVIDIA RTX 4080,64,SSD,4096,True,1.8,15.6,4414.92
122,Acer,Swift 3,Intel i5-14600H,NVIDIA RTX 4050,32,SSD,256,False,1.58,15.6,2235.9
123,Acer,Nitro 5,AMD Ryzen 9 8900HX,NVIDIA RTX 4080,64,SSD,256,False,1.93,16.0,4012.01
124,Acer,Aspire 5,Intel Core Ultra 9 15700H,NVIDIA RTX 4070,128,SSD,256,True,1.37,13.3,3639.4
125,Acer,Swift 3,Intel i7-14800H,NVIDIA RTX 4070,32,SSD,4096,True,1.66,15.6,3465.46
126,Acer,Swift 3,AMD Ryzen 7 8800H,NVIDIA RTX 4060,8,SSD,512,False,2.79,18.4,2448.96
127,Acer,Aspire 5,AMD Ryzen 5 8600H,NVIDIA RTX 4050,128,SSD,256,True,2.54,17.3,3185.9
128,Acer,Nitro 5,AMD Ryzen 9 8900HX,NVIDIA RTX 4070,64,SSD,512,True,3.0,17.3,3816.09
129,Acer,TravelMate P6,Intel i7-14700H,NVIDIA RTX 4060,32,SSD,512,True,2.32,15.6,2836.51
130,Acer,Aspire 5,Intel i7-14700H,NVIDIA RTX 4060,32,SSD,4096,False,1.55,16.0,3185.87
131,Acer,Nitro 5,Intel i7-14800H,NVIDIA RTX 4080,64,SSD,4096,False,2.23,15.6,4180.94
132,Acer,Predator Helios 300,Intel i7-14800H,NVIDIA RTX 4070,128,SSD,2048,True,1.49,13.3,4092.8
133,Acer,Aspire 5,Intel Core Ultra 7 15500H,NVIDIA RTX 4060,128,SSD,4096,False,3.01,17.3,3665.84
134,Acer,Aspire 5,AMD Ryzen 5 8600H,AMD Radeon 680M,32,SSD,512,True,3.27,17.3,2078.91
135,Acer,Predator Helios 300,Intel i5-14500H,Intel Iris Xe,64,SSD,256,True,1.92,15.6,2345.74
136,Acer,Aspire 5,AMD Ryzen 5 8600H,NVIDIA RTX 3050,128,SSD,256,False,1.26,14.0,2780.58
137,Acer,TravelMate P6,AMD Ryzen 5 8600H,NVIDIA RTX 3050,64,SSD,2048,False,3.01,18.4,2369.51
138,Acer,Predator Helios 300,Intel i7-14800H,NVIDIA RTX 4070,8,SSD,512,False,1.18,13.3,2958.42
139,Acer,Nitro 5,Intel i5-14500H,NVIDIA RTX 4050,32,SSD,2048,False,1.74,15.6,2364.13
140,Acer,Aspire 5,Intel i7-14800H,NVIDIA RTX 4060,64,SSD,2048,False,1.18,13.3,3151.29
141,Acer,Aspire 5,AMD Ryzen 7 8800H,NVIDIA RTX 4060,32,SSD,2048,False,1.35,14.0,2765.58
142,Acer,Aspire 5,AMD Ryzen 9 8900HX,AMD Radeon 780M,64,SSD,4096,True,1.89,15.6,3719.56
143,Acer,Aspire 5,Intel Core Ultra 7 15500H,Intel Arc A750M,8,SSD,256,False,2.29,16.0,1594.7
144,Acer,Aspire 5,Intel i5-14600H,NVIDIA RTX 3050,128,SSD,4096,True,1.1,13.3,3461.15
145,Acer,Predator Helios 300,Intel Core Ultra 7 15500H,NVIDIA RTX 4070,64,SSD,256,False,1.38,14.0,2948.91
146,Acer,Predator Helios 300,Intel Core Ultra 7 15500H,NVIDIA RTX 4060,64,SSD,512,False,1.3,13.3,2729.77
147,Acer,Predator Helios 300,Intel i9-14900HK,NVIDIA RTX 4070,32,SSD,1024,False,1.19,14.0,3549.22
148,Acer,Aspire 5,Intel i7-14700H,NVIDIA RTX 4060,8,SSD,256,False,1.4,14.0,2440.55
149,Acer,Predator Helios 300,AMD Ryzen 5 8600H,NVIDIA RTX 4050,32,SSD,4096,False,1.42,14.0,2633.98
150,Acer,TravelMate P6,AMD Ryzen 7 8800H,AMD Radeon 780M,128,SSD,1024,False,3.05,18.4,3368.4
151,Acer,Swift 3,Intel i7-14700H,NVIDIA RTX 4070,32,SSD,2048,True,2.3,15.6,3330.27
152,Acer,Nitro 5,Intel i5-14500H,Intel Iris Xe,64,SSD,4096,False,1.04,14.0,2674.71
153,Acer,Aspire 5,AMD Ryzen 7 8800H,NVIDIA RTX 4060,8,SSD,256,False,2.36,16.0,2517.99
154,Acer,Nitro 5,AMD Ryzen 5 8600H,AMD Radeon 680M,8,SSD,512,False,3.42,17.3,1698.82
155,Acer,Nitro 5,Intel i7-14800H,NVIDIA RTX 4060,8,SSD,4096,False,2.7,17.3,2912.32
156,Acer,Predator Helios 300,Intel i7-14800H,NVIDIA RTX 4060,32,SSD,1024,True,2.91,18.4,3009.96
157,Acer,Aspire 5,Intel i5-14600H,Intel Iris Xe,8,SSD,256,False,2.66,17.3,1676.99
158,Acer,Aspire 5,Intel i7-14800H,NVIDIA RTX 4080,128,SSD,1024,True,1.6,15.6,4433.14
159,Acer,Swift 3,Intel i5-14600H,NVIDIA RTX 3050,32,SSD,2048,False,1.34,14.0,2028.87
160,Acer,Aspire 5,Intel Core Ultra 7 15500H,NVIDIA RTX 4070,64,SSD,256,True,2.6,18.4,3142.78
161,Acer,TravelMate P6,Intel Core Ultra 7 15500H,NVIDIA RTX 4070,64,SSD,1024,False,2.19,16.0,3088.87
162,Acer,TravelMate P6,AMD Ryzen 9 8900HX,AMD Radeon 780M,128,SSD,1024,False,3.5,18.4,3655.27
163,Acer,Nitro 5,Intel i5-14500H,Intel Iris Xe,128,SSD,4096,True,2.24,16.0,3370.01
164,Acer,Swift 3,Intel Core Ultra 7 15500H,Intel Arc A750M,16,SSD,4096,True,1.23,13.3,2218.36
165,Acer,Aspire 5,Intel i9-14900HK,NVIDIA RTX 4070,128,SSD,2048,True,1.54,16.0,4612.53
166,Acer,Swift 3,Intel i7-14800H,NVIDIA RTX 4080,64,SSD,1024,False,2.81,17.3,3738.68
167,Acer,TravelMate P6,Intel i5-14600H,Intel Iris Xe,16,SSD,1024,False,2.29,15.6,1816.01
168,Acer,Swift 3,Intel i7-14700H,NVIDIA RTX 4060,32,SSD,2048,False,1.12,14.0,2938.79
169,Acer,Swift 3,AMD Ryzen 5 8600H,AMD Radeon 680M,128,SSD,2048,False,2.39,16.0,2948.59
170,Acer,Predator Helios 300,AMD Ryzen 5 8600H,NVIDIA RTX 3050,8,SSD,2048,False,1.47,13.3,1921.72
171,Acer,Aspire 5,AMD Ryzen 5 8600H,NVIDIA RTX 4050,16,SSD,1024,False,1.1,14.0,2230.48
172,Acer,Predator Helios 300,Intel i7-14700H,NVIDIA RTX 4070,128,SSD,2048,True,3.23,18.4,4240.18
173,Acer,Predator Helios 300,Intel i5-14600H,Intel Iris Xe,32,SSD,256,False,1.09,14.0,2031.32
174,Acer,Nitro 5,Intel i7-14700H,NVIDIA RTX 4070,128,SSD,256,False,1.16,14.0,3934.51
175,Acer,Aspire 5,Intel i9-14900HK,NVIDIA RTX 4080,128,SSD,512,True,1.37,14.0,4830.99
176,Asus,ZenBook 14,Intel Core Ultra 7 15500H,Intel Arc A750M,8,SSD,256,True,1.32,13.3,1709.01
177,Asus,ExpertBook B9,Intel i9-14900HK,NVIDIA RTX 4070,32,SSD,2048,False,2.04,16.0,3655.53
178,Asus,TUF Gaming F15,Intel i7-14700H,NVIDIA RTX 4070,64,SSD,256,False,2.45,15.6,3391.66
179,Asus,TUF Gaming F15,Intel i9-14900HK,NVIDIA RTX 4080,16,SSD,4096,False,2.96,18.4,4102.91
180,Asus,ZenBook 14,AMD Ryzen 7 8800H,AMD Radeon 780M,8,SSD,1024,False,1.29,14.0,2370.49
181,Asus,ExpertBook B9,Intel Core Ultra 9 15700H,NVIDIA RTX 4080,128,SSD,256,False,2.73,17.3,4084.06
182,Asus,TUF Gaming F15,Intel i5-14500H,NVIDIA RTX 4050,64,SSD,256,True,2.39,16.0,2675.35
183,Asus,ExpertBook B9,Intel i7-14700H,NVIDIA RTX 4070,64,SSD,512,True,3.23,18.4,3469.63
184,Asus,TUF Gaming F15,Intel i5-14600H,NVIDIA RTX 4050,8,SSD,256,True,2.77,17.3,2210.41
185,Asus,TUF Gaming F15,Intel i9-14900HK,NVIDIA RTX 4070,64,SSD,512,True,1.17,14.0,3853.44
186,Asus,ZenBook 14,Intel i9-14900HK,NVIDIA RTX 4070,64,SSD,4096,False,2.02,15.6,4111.58
187,Asus,TUF Gaming F15,AMD Ryzen 9 8900HX,NVIDIA RTX 4080,16,SSD,1024,True,1.19,13.3,4096.39
188,Asus,ZenBook 14,Intel i5-14500H,Intel Iris Xe,16,SSD,256,False,2.77,17.3,1762.25
189,Asus,ExpertBook B9,AMD Ryzen 5 8600H,AMD Radeon 680M,32,SSD,256,False,1.17,14.0,1966.33
190,Asus,ExpertBook B9,AMD Ryzen 7 8800H,NVIDIA RTX 4060,64,SSD,512,True,2.31,16.0,3172.83
191,Asus,VivoBook S15,Intel i7-14700H,NVIDIA RTX 4060,64,SSD,256,True,1.36,13.3,3031.61
192,Asus,VivoBook S15,Intel Core Ultra 7 15500H,NVIDIA RTX 4060,128,SSD,256,False,2.21,15.6,3198.53
193,Asus,VivoBook S15,Intel i5-14600H,Intel Iris Xe,128,SSD,2048,False,2.5,18.4,3002.94
194,Asus,ExpertBook B9,Intel i9-14900HK,NVIDIA RTX 4080,32,SSD,256,True,1.3,13.3,3964.9
195,Asus,TUF Gaming F15,Intel i5-14600H,NVIDIA RTX 4050,128,SSD,2048,True,1.04,14.0,3371.56
196,Asus,ExpertBook B9,Intel Core Ultra 7 15500H,Intel Arc A750M,128,SSD,4096,True,2.63,17.3,3300.12
197,Asus,VivoBook S15,Intel i9-14900HK,NVIDIA RTX 4080,16,SSD,4096,False,1.01,13.3,4028.3
198,Asus,ZenBook 14,Intel i5-14600H,NVIDIA RTX 4050,8,SSD,256,False,2.52,18.4,2034.24
199,Asus,ROG Zephyrus G15,Intel i5-14600H,NVIDIA RTX 4050,64,SSD,2048,False,2.75,18.4,2757.64
200,Asus,ROG Zephyrus G15,AMD Ryzen 5 8600H,AMD Radeon 680M,8,SSD,1024,True,1.43,13.3,1920.73
201,Asus,TUF Gaming F15,AMD Ryzen 9 8900HX,AMD Radeon 780M,16,SSD,4096,False,3.32,17.3,3076.54
202,Asus,ExpertBook B9,Intel i5-14600H,NVIDIA RTX 4050,64,SSD,512,False,1.47,14.0,2428.62
203,Asus,VivoBook S15,AMD Ryzen 5 8600H,NVIDIA RTX 4050,32,SSD,256,True,1.02,13.3,2376.66
204,Asus,ExpertBook B9,Intel Core Ultra 9 15700H,NVIDIA RTX 4080,128,SSD,512,False,2.01,16.0,4023.22
205,Asus,TUF Gaming F15,Intel Core Ultra 7 15500H,NVIDIA RTX 4070,128,SSD,2048,False,3.26,17.3,3861.22
206,Asus,ExpertBook B9,Intel i7-14800H,NVIDIA RTX 4070,16,SSD,4096,True,1.76,15.6,3370.32
207,Asus,ROG Zephyrus G15,AMD Ryzen 5 8600H,NVIDIA RTX 4050,16,SSD,4096,False,2.02,16.0,2553.55
208,Asus,ROG Zephyrus G15,Intel i7-14700H,NVIDIA RTX 4060,128,SSD,2048,False,2.63,17.3,3826.4
209,Asus,ROG Zephyrus G15,Intel i5-14500H,Intel Iris Xe,128,SSD,1024,True,2.48,16.0,3041.27
210,Asus,ROG Zephyrus G15,Intel i7-14700H,NVIDIA RTX 4070,32,SSD,512,False,1.55,16.0,3006.98
211,Asus,TUF Gaming F15,AMD Ryzen 7 8800H,NVIDIA RTX 4070,16,SSD,256,True,2.91,17.3,3116.26
212,Asus,VivoBook S15,Intel i5-14500H,NVIDIA RTX 4050,32,SSD,1024,True,2.58,17.3,2443.01
213,Asus,VivoBook S15,Intel i9-14900HK,NVIDIA RTX 4080,32,SSD,2048,False,3.08,17.3,3992.96
214,Asus,ROG Zephyrus G15,Intel i7-14800H,NVIDIA RTX 4060,128,SSD,4096,True,1.25,14.0,4200.89
215,Asus,ExpertBook B9,Intel i5-14600H,Intel Iris Xe,16,SSD,1024,False,2.23,15.6,1897.76
216,Asus,ExpertBook B9,Intel i7-14700H,NVIDIA RTX 4060,16,SSD,512,False,2.32,15.6,2646.94
217,Asus,TUF Gaming F15,AMD Ryzen 7 8800H,AMD Radeon 780M,8,SSD,1024,True,2.79,18.4,2469.16
218,Asus,ZenBook 14,Intel i5-14500H,NVIDIA RTX 4050,32,SSD,1024,False,1.09,13.3,2365.79
219,Asus,ROG Zephyrus G15,Intel Core Ultra 7 15500H,NVIDIA RTX 4060,8,SSD,4096,False,2.12,16.0,2632.42
220,Asus,ZenBook 14,Intel Core Ultra 9 15700H,NVIDIA RTX 4080,128,SSD,4096,True,1.51,15.6,4476.94
221,Asus,VivoBook S15,AMD Ryzen 5 8600H,NVIDIA RTX 4050,64,SSD,1024,False,1.11,14.0,2688.98
222,Asus,ExpertBook B9,Intel i7-14700H,NVIDIA RTX 4060,128,SSD,1024,False,2.26,15.6,3703.08
223,Asus,VivoBook S15,AMD Ryzen 9 8900HX,NVIDIA RTX 4070,32,SSD,1024,False,1.45,13.3,3411.34
224,Asus,ZenBook 14,AMD Ryzen 7 8800H,NVIDIA RTX 4060,32,SSD,512,False,1.21,14.0,2805.97
225,Asus,TUF Gaming F15,AMD Ryzen 9 8900HX,NVIDIA RTX 4070,64,SSD,2048,False,1.3,13.3,3926.79
226,Asus,ZenBook 14,Intel i5-14500H,NVIDIA RTX 4050,16,SSD,256,True,2.1,15.6,2168.06
227,Asus,ExpertBook B9,Intel Core Ultra 9 15700H,Intel Arc A750M,64,SSD,256,True,1.43,13.3,2217.68
228,Asus,ExpertBook B9,AMD Ryzen 9 8900HX,AMD Radeon 780M,32,SSD,4096,False,1.44,13.3,3204.21
229,Asus,ExpertBook B9,AMD Ryzen 9 8900HX,AMD Radeon 780M,128,SSD,256,False,2.51,18.4,3588.49
230,Asus,ZenBook 14,AMD Ryzen 7 8800H,AMD Radeon 780M,16,SSD,4096,False,3.05,18.4,2683.59
231,Asus,ExpertBook B9,Intel Core Ultra 9 15700H,NVIDIA RTX 4070,32,SSD,256,True,3.32,18.4,2812.72
232,Asus,VivoBook S15,Intel i5-14600H,NVIDIA RTX 3050,16,SSD,256,False,1.04,14.0,1852.89
233,Asus,VivoBook S15,Intel i5-14500H,Intel Iris Xe,16,SSD,256,False,1.63,16.0,1817.14
234,Asus,ZenBook 14,AMD Ryzen 7 8800H,NVIDIA RTX 4060,8,SSD,2048,True,1.25,13.3,2854.97
235,Asus,ZenBook 14,Intel Core Ultra 9 15700H,Intel Arc A750M,32,SSD,512,True,1.05,13.3,2053.26
236,Asus,ROG Zephyrus G15,Intel i7-14800H,NVIDIA RTX 4070,16,SSD,256,True,2.52,17.3,3079.28
237,Asus,ExpertBook B9,Intel i5-14600H,NVIDIA RTX 3050,8,SSD,2048,False,1.43,14.0,1917.89
238,Asus,ExpertBook B9,AMD Ryzen 9 8900HX,NVIDIA RTX 4070,32,SSD,512,False,3.05,18.4,3440.4
239,Asus,ROG Zephyrus G15,AMD Ryzen 9 8900HX,NVIDIA RTX 4070,16,SSD,4096,True,2.24,15.6,3787.41
240,Asus,TUF Gaming F15,Intel Core Ultra 9 15700H,NVIDIA RTX 4070,16,SSD,512,True,1.05,13.3,2772.19
241,Asus,VivoBook S15,AMD Ryzen 5 8600H,NVIDIA RTX 3050,16,SSD,4096,False,2.66,17.3,2152.71
242,Asus,ROG Zephyrus G15,Intel i9-14900HK,NVIDIA RTX 4080,32,SSD,1024,True,1.99,15.6,4085.11
243,Asus,ROG Zephyrus G15,Intel i9-14900HK,NVIDIA RTX 4070,128,SSD,256,True,1.24,13.3,4270.34
244,Asus,TUF Gaming F15,Intel i5-14600H,NVIDIA RTX 4050,128,SSD,1024,True,1.8,15.6,3311.92
245,Asus,TUF Gaming F15,Intel Core Ultra 9 15700H,NVIDIA RTX 4070,8,SSD,4096,False,2.62,17.3,2985.18
246,Asus,ZenBook 14,Intel Core Ultra 7 15500H,NVIDIA RTX 4070,64,SSD,1024,False,3.08,18.4,3032.65
247,Asus,ZenBook 14,AMD Ryzen 5 8600H,AMD Radeon 680M,8,SSD,256,True,2.58,18.4,1887.97
248,Asus,ZenBook 14,Intel i5-14500H,Intel Iris Xe,32,SSD,1024,True,1.17,14.0,2191.04
249,Asus,ExpertBook B9,Intel i7-14700H,NVIDIA RTX 4070,128,SSD,1024,False,1.77,16.0,3927.54
250,Asus,ExpertBook B9,Intel i9-14900HK,NVIDIA RTX 4070,128,SSD,256,True,1.0,14.0,4384.19
251,Asus,VivoBook S15,Intel i9-14900HK,NVIDIA RTX 4080,8,SSD,1024,False,1.82,16.0,3618.14
252,Asus,VivoBook S15,Intel i7-14800H,NVIDIA RTX 4070,128,SSD,512,True,2.96,17.3,4166.85
253,Asus,TUF Gaming F15,Intel i5-14500H,Intel Iris Xe,32,SSD,4096,True,3.23,17.3,2539.3
254,Asus,TUF Gaming F15,Intel i5-14600H,NVIDIA RTX 3050,16,SSD,512,True,2.22,15.6,2006.17
255,Asus,ExpertBook B9,Intel i5-14500H,NVIDIA RTX 4050,32,SSD,2048,False,1.9,16.0,2430.84
256,Asus,ExpertBook B9,AMD Ryzen 5 8600H,NVIDIA RTX 3050,64,SSD,256,True,3.18,17.3,2398.19
257,Asus,ZenBook 14,Intel i7-14800H,NVIDIA RTX 4080,64,SSD,2048,False,3.05,17.3,4030.37
258,Asus,TUF Gaming F15,Intel i7-14700H,NVIDIA RTX 4070,64,SSD,2048,False,2.78,17.3,3501.2
259,Asus,ROG Zephyrus G15,AMD Ryzen 9 8900HX,AMD Radeon 780M,32,SSD,256,True,2.4,15.6,2813.52
260,Asus,VivoBook S15,Intel i9-14900HK,NVIDIA RTX 4070,64,SSD,256,False,2.03,16.0,3578.06
261,Asus,ExpertBook B9,AMD Ryzen 9 8900HX,NVIDIA RTX 4070,128,SSD,2048,True,2.8,17.3,4422.34
262,Asus,TUF Gaming F15,AMD Ryzen 5 8600H,AMD Radeon 680M,64,SSD,512,False,3.24,17.3,2314.58
263,Asus,TUF Gaming F15,Intel i9-14900HK,NVIDIA RTX 4080,128,SSD,256,False,3.17,18.4,4608.91
264,Asus,ExpertBook B9,Intel i9-14900HK,NVIDIA RTX 4070,32,SSD,256,False,2.86,17.3,3487.69
265,Asus,VivoBook S15,Intel Core Ultra 9 15700H,NVIDIA RTX 4070,128,SSD,4096,False,2.62,17.3,4091.64
266,Asus,ZenBook 14,AMD Ryzen 9 8900HX,AMD Radeon 780M,16,SSD,512,True,1.18,13.3,2865.8
267,Asus,TUF Gaming F15,Intel i9-14900HK,NVIDIA RTX 4080,32,SSD,1024,False,1.02,13.3,3865.57
268,Asus,ROG Zephyrus G15,Intel i9-14900HK,NVIDIA RTX 4080,32,SSD,4096,False,1.17,14.0,4229.47
269,Asus,ZenBook 14,Intel Core Ultra 9 15700H,NVIDIA RTX 4080,64,SSD,4096,True,1.18,13.3,4105.63
270,Asus,TUF Gaming F15,Intel i5-14500H,NVIDIA RTX 4050,8,SSD,1024,False,1.37,14.0,2033.23
271,Asus,ROG Zephyrus G15,Intel i7-14800H,NVIDIA RTX 4060,128,SSD,2048,True,1.09,13.3,3937.99
272,Asus,ROG Zephyrus G15,Intel i7-14700H,NVIDIA RTX 4060,32,SSD,256,True,1.67,15.6,2854.64
273,Asus,ExpertBook B9,AMD Ryzen 7 8800H,NVIDIA RTX 4070,128,SSD,4096,True,2.23,15.6,4620.78
274,Asus,ZenBook 14,Intel i7-14700H,NVIDIA RTX 4060,16,SSD,256,False,3.12,18.4,2562.39
275,Asus,TUF Gaming F15,AMD Ryzen 5 8600H,AMD Radeon 680M,8,SSD,4096,True,2.11,16.0,2323.75
276,Asus,VivoBook S15,Intel i7-14800H,NVIDIA RTX 4070,64,SSD,256,True,1.51,16.0,3465.56
277,Asus,VivoBook S15,AMD Ryzen 5 8600H,NVIDIA RTX 4050,64,SSD,512,True,1.62,15.6,2611.37
278,Asus,ExpertBook B9,Intel i5-14600H,NVIDIA RTX 3050,128,SSD,256,True,1.24,13.3,2974.05
279,Asus,ExpertBook B9,Intel i7-14800H,NVIDIA RTX 4060,64,SSD,256,False,2.06,15.6,3071.05
280,Asus,ZenBook 14,Intel i7-14700H,NVIDIA RTX 4070,128,SSD,1024,True,2.62,18.4,4066.77
281,Asus,ExpertBook B9,AMD Ryzen 9 8900HX,NVIDIA RTX 4080,128,SSD,2048,False,1.86,15.6,4832.62
282,Asus,ROG Zephyrus G15,AMD Ryzen 5 8600H,NVIDIA RTX 4050,64,SSD,256,True,3.42,18.4,2707.61
283,Asus,ExpertBook B9,Intel i9-14900HK,NVIDIA RTX 4070,8,SSD,256,True,2.85,17.3,3345.74
284,Asus,ROG Zephyrus G15,Intel i5-14500H,Intel Iris Xe,64,SSD,256,True,1.42,14.0,2337.99
285,Asus,ExpertBook B9,AMD Ryzen 9 8900HX,NVIDIA RTX 4070,128,SSD,4096,False,1.92,16.0,4708.38
286,Asus,TUF Gaming F15,Intel Core Ultra 7 15500H,NVIDIA RTX 4070,8,SSD,256,False,1.35,13.3,2398.69
287,Asus,TUF Gaming F15,Intel i7-14800H,NVIDIA RTX 4080,16,SSD,4096,False,3.04,17.3,3802.26
288,Asus,ExpertBook B9,Intel i5-14600H,NVIDIA RTX 4050,8,SSD,256,False,3.19,18.4,2022.51
289,Asus,VivoBook S15,Intel Core Ultra 9 15700H,Intel Arc A750M,64,SSD,512,True,1.0,13.3,2339.02
290,Asus,VivoBook S15,Intel i7-14800H,NVIDIA RTX 4080,16,SSD,512,False,2.2,15.6,3300.75
291,Asus,ZenBook 14,Intel Core Ultra 9 15700H,Intel Arc A750M,128,SSD,2048,False,2.68,17.3,2853.33
292,Asus,TUF Gaming F15,AMD Ryzen 9 8900HX,NVIDIA RTX 4080,64,SSD,256,False,1.02,14.0,4114.95
293,Asus,ROG Zephyrus G15,Intel i7-14800H,NVIDIA RTX 4060,64,SSD,1024,True,1.68,15.6,3154.36
294,Asus,VivoBook S15,Intel i7-14800H,NVIDIA RTX 4070,16,SSD,1024,False,1.81,15.6,3038.61
295,Asus,VivoBook S15,Intel i5-14600H,NVIDIA RTX 3050,8,SSD,256,False,3.37,17.3,1668.79
296,Asus,ROG Zephyrus G15,Intel Core Ultra 9 15700H,Intel Arc A750M,8,SSD,4096,False,2.78,18.4,2088.67
297,Asus,ExpertBook B9,AMD Ryzen 5 8600H,NVIDIA RTX 3050,64,SSD,4096,False,1.16,13.3,2714.0
298,Asus,ROG Zephyrus G15,AMD Ryzen 5 8600H,AMD Radeon 680M,8,SSD,1024,False,3.14,17.3,1858.63
299,Asus,VivoBook S15,Intel i5-14500H,NVIDIA RTX 4050,64,SSD,512,False,2.68,18.4,2514.57
300,Asus,ZenBook 14,Intel i9-14900HK,NVIDIA RTX 4070,64,SSD,512,False,3.18,17.3,3767.09
301,Asus,ZenBook 14,AMD Ryzen 5 8600H,AMD Radeon 680M,64,SSD,512,True,2.58,17.3,2420.66
302,Asus,ROG Zephyrus G15,AMD Ryzen 5 8600H,AMD Radeon 680M,64,SSD,2048,True,1.49,13.3,2605.02
303,Asus,ZenBook 14,Intel i5-14500H,NVIDIA RTX 4050,64,SSD,1024,True,3.18,17.3,2749.17
304,Asus,ZenBook 14,AMD Ryzen 7 8800H,AMD Radeon 780M,32,SSD,512,False,2.99,18.4,2527.77
305,Asus,ZenBook 14,AMD Ryzen 9 8900HX,NVIDIA RTX 4070,128,SSD,1024,True,2.33,15.6,4343.02
306,Asus,ROG Zephyrus G15,Intel i5-14500H,Intel Iris Xe,8,SSD,256,True,1.05,14.0,1930.78
307,Asus,VivoBook S15,Intel Core Ultra 9 15700H,NVIDIA RTX 4080,64,SSD,4096,True,2.95,17.3,4051.05
308,Asus,ExpertBook B9,Intel Core Ultra 9 15700H,Intel Arc A750M,8,SSD,256,True,2.2,16.0,1742.81
309,Asus,TUF Gaming F15,AMD Ryzen 7 8800H,NVIDIA RTX 4060,64,SSD,1024,False,1.88,16.0,3045.3
310,Asus,ZenBook 14,Intel i5-14600H,NVIDIA RTX 3050,64,SSD,256,False,1.9,16.0,2213.43
311,Asus,ExpertBook B9,Intel i5-14600H,NVIDIA RTX 4050,64,SSD,1024,True,2.51,18.4,2757.53
312,Asus,ExpertBook B9,Intel i5-14500H,NVIDIA RTX 4050,8,SSD,1024,True,1.83,16.0,2225.53
313,Asus,ExpertBook B9,Intel i5-14600H,NVIDIA RTX 4050,64,SSD,2048,True,1.12,14.0,2970.93
314,Asus,TUF Gaming F15,AMD Ryzen 5 8600H,AMD Radeon 680M,128,SSD,512,True,1.03,14.0,3010.96
315,Asus,VivoBook S15,Intel i5-14500H,Intel Iris Xe,64,SSD,4096,True,1.28,14.0,2811.48
316,Asus,VivoBook S15,Intel i5-14500H,NVIDIA RTX 3050,16,SSD,512,False,1.35,14.0,1751.2
317,Asus,VivoBook S15,AMD Ryzen 9 8900HX,NVIDIA RTX 4070,128,SSD,1024,True,1.23,14.0,4538.09
318,Asus,TUF Gaming F15,Intel i7-14700H,NVIDIA RTX 4070,64,SSD,256,True,2.24,16.0,3468.72
319,Asus,TUF Gaming F15,Intel i5-14600H,NVIDIA RTX 3050,8,SSD,1024,True,1.29,13.3,1987.28
320,Asus,ExpertBook B9,AMD Ryzen 7 8800H,AMD Radeon 780M,128,SSD,4096,False,2.59,17.3,3646.55
321,Asus,ROG Zephyrus G15,Intel Core Ultra 9 15700H,NVIDIA RTX 4070,8,SSD,1024,True,1.37,14.0,2747.21
322,Asus,ZenBook 14,Intel i7-14800H,NVIDIA RTX 4060,32,SSD,512,True,3.46,17.3,2891.81
323,Asus,ROG Zephyrus G15,Intel i7-14800H,NVIDIA RTX 4070,64,SSD,2048,False,3.0,17.3,3545.75
324,Asus,TUF Gaming F15,AMD Ryzen 7 8800H,NVIDIA RTX 4070,128,SSD,2048,False,1.14,14.0,4150.74
325,Asus,VivoBook S15,AMD Ryzen 7 8800H,NVIDIA RTX 4060,128,SSD,512,False,2.31,16.0,3659.3
326,Asus,TUF Gaming F15,Intel Core Ultra 9 15700H,NVIDIA RTX 4080,128,SSD,2048,True,1.1,14.0,4488.17
327,Asus,TUF Gaming F15,Intel i7-14700H,NVIDIA RTX 4070,64,SSD,512,False,2.02,15.6,3330.39
328,Asus,TUF Gaming F15,Intel i7-14800H,NVIDIA RTX 4070,128,SSD,2048,True,1.19,14.0,4177.55
329,Asus,ExpertBook B9,Intel Core Ultra 7 15500H,Intel Arc A750M,128,SSD,1024,False,2.27,15.6,2750.52
330,Asus,ZenBook 14,Intel i5-14500H,Intel Iris Xe,16,SSD,4096,False,1.57,15.6,2300.31
331,Asus,ROG Zephyrus G15,AMD Ryzen 7 8800H,AMD Radeon 780M,8,SSD,256,False,1.63,15.6,2245.67
332,Asus,VivoBook S15,AMD Ryzen 5 8600H,NVIDIA RTX 4050,64,SSD,4096,False,1.28,14.0,2911.43
333,Asus,ROG Zephyrus G15,Intel i7-14700H,NVIDIA RTX 4060,8,SSD,512,False,2.44,16.0,2446.07
334,Asus,ZenBook 14,Intel Core Ultra 7 15500H,NVIDIA RTX 4070,64,SSD,512,True,2.39,16.0,3147.94
335,Asus,ExpertBook B9,Intel i5-14500H,Intel Iris Xe,16,SSD,256,True,1.45,14.0,1921.07
336,Asus,ExpertBook B9,AMD Ryzen 5 8600H,NVIDIA RTX 3050,8,SSD,256,True,2.88,17.3,1844.28
337,Asus,TUF Gaming F15,Intel i5-14500H,NVIDIA RTX 4050,64,SSD,256,False,2.03,16.0,2464.95
338,Asus,VivoBook S15,AMD Ryzen 7 8800H,NVIDIA RTX 4060,32,SSD,4096,True,2.65,18.4,3245.72
339,Asus,ROG Zephyrus G15,Intel i9-14900HK,NVIDIA RTX 4080,128,SSD,512,False,2.75,18.4,4737.16
340,Asus,ROG Zephyrus G15,Intel i7-14800H,NVIDIA RTX 4080,16,SSD,1024,True,1.36,14.0,3514.68
341,Asus,ROG Zephyrus G15,Intel i5-14600H,NVIDIA RTX 3050,128,SSD,256,False,1.79,15.6,2794.61
342,Asus,ROG Zephyrus G15,Intel i5-14600H,NVIDIA RTX 4050,16,SSD,512,False,3.48,18.4,2113.23
343,Asus,VivoBook S15,Intel Core Ultra 7 15500H,NVIDIA RTX 4060,128,SSD,1024,False,2.99,17.3,3240.83
344,Asus,ROG Zephyrus G15,Intel i5-14500H,NVIDIA RTX 3050,64,SSD,1024,False,2.63,18.4,2253.71
345,Asus,ZenBook 14,AMD Ryzen 5 8600H,NVIDIA RTX 4050,16,SSD,1024,False,1.17,13.3,2243.12
346,Asus,ExpertBook B9,AMD Ryzen 7 8800H,NVIDIA RTX 4070,16,SSD,4096,False,1.45,13.3,3364.22
347,Asus,ROG Zephyrus G15,Intel i9-14900HK,NVIDIA RTX 4070,128,SSD,4096,True,1.78,15.6,4874.87
348,Asus,ZenBook 14,Intel Core Ultra 7 15500H,Intel Arc A750M,8,SSD,1024,True,2.89,18.4,1823.19
349,Asus,ExpertBook B9,AMD Ryzen 7 8800H,NVIDIA RTX 4070,16,SSD,4096,False,2.63,18.4,3247.48
350,Asus,ZenBook 14,Intel i5-14500H,NVIDIA RTX 4050,128,SSD,4096,True,1.61,15.6,3685.94
351,Asus,VivoBook S15,Intel i5-14600H,NVIDIA RTX 4050,32,SSD,2048,False,1.4,13.3,2365.08
352,Asus,ROG Zephyrus G15,AMD Ryzen 9 8900HX,NVIDIA RTX 4070,32,SSD,4096,False,1.41,13.3,3726.42
353,Dell,Alienware M15,AMD Ryzen 9 8900HX,NVIDIA RTX 4070,8,SSD,512,True,1.96,16.0,3334.6
354,Dell,Alienware M15,AMD Ryzen 5 8600H,NVIDIA RTX 4050,32,SSD,4096,True,3.34,18.4,2839.15
355,Dell,XPS 15,Intel i5-14600H,Intel Iris Xe,64,SSD,1024,True,1.47,13.3,2473.45
356,Dell,XPS 13,Intel i9-14900HK,NVIDIA RTX 4070,64,SSD,256,False,2.46,16.0,3700.38
357,Dell,XPS 13,Intel i5-14500H,Intel Iris Xe,8,SSD,1024,True,2.03,16.0,1952.76
358,Dell,Latitude 7420,Intel i5-14500H,NVIDIA RTX 3050,16,SSD,1024,False,2.89,17.3,1907.83
359,Dell,XPS 13,Intel Core Ultra 9 15700H,NVIDIA RTX 4070,64,SSD,4096,True,1.43,14.0,3587.81
360,Dell,Alienware M15,Intel Core Ultra 7 15500H,Intel Arc A750M,32,SSD,4096,False,1.23,14.0,2275.48
361,Dell,Latitude 7420,Intel Core Ultra 9 15700H,Intel Arc A750M,32,SSD,512,True,2.91,18.4,1967.38
362,Dell,Alienware M15,Intel Core Ultra 9 15700H,NVIDIA RTX 4070,8,SSD,256,True,1.34,14.0,2596.59
363,Dell,XPS 13,Intel Core Ultra 7 15500H,Intel Arc A750M,128,SSD,256,False,2.46,16.0,2643.55
364,Dell,XPS 15,Intel i5-14600H,Intel Iris Xe,64,SSD,256,False,1.21,13.3,2332.91
365,Dell,Latitude 7420,Intel i7-14700H,NVIDIA RTX 4070,8,SSD,1024,False,2.39,15.6,2948.04
366,Dell,XPS 15,Intel i5-14600H,Intel Iris Xe,64,SSD,1024,False,2.79,17.3,2345.03
367,Dell,XPS 13,Intel Core Ultra 9 15700H,NVIDIA RTX 4070,64,SSD,512,True,2.14,15.6,3247.8
368,Dell,Latitude 7420,Intel Core Ultra 7 15500H,NVIDIA RTX 4060,64,SSD,4096,True,2.46,16.0,3202.06
369,Dell,XPS 15,Intel i7-14700H,NVIDIA RTX 4070,64,SSD,4096,True,1.23,13.3,3955.43
370,Dell,Latitude 7420,Intel i5-14600H,NVIDIA RTX 3050,128,SSD,2048,True,3.0,18.4,3218.19
371,Dell,Inspiron 15,AMD Ryzen 5 8600H,NVIDIA RTX 4050,128,SSD,2048,True,3.4,18.4,3477.91
372,Dell,XPS 15,AMD Ryzen 9 8900HX,NVIDIA RTX 4080,64,SSD,1024,True,3.06,17.3,4388.64
373,Dell,XPS 13,Intel i7-14800H,NVIDIA RTX 4070,64,SSD,4096,False,1.73,16.0,3740.38
374,Dell,Alienware M15,Intel i9-14900HK,NVIDIA RTX 4070,32,SSD,256,True,3.45,17.3,3533.46
375,Dell,Alienware M15,Intel i7-14700H,NVIDIA RTX 4070,32,SSD,2048,True,1.47,14.0,3426.8
376,Dell,Latitude 7420,Intel Core Ultra 7 15500H,Intel Arc A750M,8,SSD,512,True,1.03,14.0,1881.59
377,Dell,XPS 13,Intel Core Ultra 7 15500H,NVIDIA RTX 4070,32,SSD,1024,False,1.49,14.0,2808.63
378,Dell,XPS 13,AMD Ryzen 9 8900HX,NVIDIA RTX 4080,64,SSD,4096,True,1.09,14.0,4813.64
379,Dell,Alienware M15,Intel i7-14700H,NVIDIA RTX 4070,64,SSD,2048,True,1.59,16.0,3599.48
380,Dell,Inspiron 15,Intel i7-14700H,NVIDIA RTX 4060,8,SSD,1024,True,2.07,16.0,2724.02
381,Dell,Alienware M15,Intel Core Ultra 7 15500H,Intel Arc A750M,8,SSD,512,False,2.9,18.4,1667.53
382,Dell,Inspiron 15,Intel i7-14800H,NVIDIA RTX 4060,64,SSD,1024,True,2.68,18.4,3221.52
383,Dell,XPS 13,AMD Ryzen 9 8900HX,AMD Radeon 780M,32,SSD,256,True,3.32,17.3,2943.71
384,Dell,Alienware M15,Intel i5-14500H,NVIDIA RTX 4050,64,SSD,512,True,1.11,14.0,2699.37
385,Dell,Alienware M15,AMD Ryzen 7 8800H,NVIDIA RTX 4070,64,SSD,512,False,2.81,17.3,3412.78
386,Dell,Alienware M15,Intel i7-14800H,NVIDIA RTX 4070,128,SSD,256,True,3.09,17.3,4102.86
387,Dell,Alienware M15,Intel Core Ultra 9 15700H,NVIDIA RTX 4080,64,SSD,512,True,2.77,18.4,3666.62
388,Dell,Alienware M15,Intel Core Ultra 9 15700H,Intel Arc A750M,8,SSD,1024,False,2.0,16.0,1668.26
389,Dell,Inspiron 15,AMD Ryzen 9 8900HX,AMD Radeon 780M,32,SSD,4096,True,1.37,14.0,3393.47
390,Dell,XPS 15,Intel Core Ultra 7 15500H,NVIDIA RTX 4070,128,SSD,2048,True,2.49,16.0,3944.29
391,Dell,Latitude 7420,AMD Ryzen 5 8600H,AMD Radeon 680M,8,SSD,256,True,3.26,17.3,1884.22
392,Dell,Inspiron 15,AMD Ryzen 5 8600H,AMD Radeon 680M,16,SSD,256,True,1.91,16.0,1914.68
393,Dell,XPS 13,Intel Core Ultra 9 15700H,Intel Arc A750M,8,SSD,4096,True,3.07,17.3,2215.94
394,Dell,Alienware M15,Intel i7-14700H,NVIDIA RTX 4060,32,SSD,512,False,1.05,14.0,2759.91
395,Dell,Alienware M15,AMD Ryzen 9 8900HX,AMD Radeon 780M,128,SSD,4096,False,1.33,14.0,4120.81
396,Dell,Inspiron 15,AMD Ryzen 5 8600H,NVIDIA RTX 3050,16,SSD,512,True,1.45,13.3,1938.09
397,Dell,Latitude 7420,Intel Core Ultra 9 15700H,NVIDIA RTX 4080,128,SSD,256,True,1.2,14.0,4120.58
398,Dell,XPS 15,Intel i7-14700H,NVIDIA RTX 4060,32,SSD,2048,True,1.3,13.3,3047.69
399,Dell,Alienware M15,AMD Ryzen 5 8600H,AMD Radeon 680M,64,SSD,256,True,2.84,18.4,2394.06
400,Dell,Inspiron 15,Intel i7-14700H,NVIDIA RTX 4070,16,SSD,1024,True,2.05,15.6,3039.02
401,Dell,XPS 15,Intel i7-14700H,NVIDIA RTX 4070,64,SSD,4096,True,1.4,14.0,3869.98
402,Dell,XPS 13,Intel i7-14800H,NVIDIA RTX 4080,128,SSD,1024,True,1.34,13.3,4657.94
403,Dell,XPS 15,Intel i5-14500H,NVIDIA RTX 4050,16,SSD,256,False,1.08,13.3,2188.72
404,Dell,XPS 15,AMD Ryzen 7 8800H,NVIDIA RTX 4060,64,SSD,512,False,1.31,13.3,3095.12
405,Dell,Alienware M15,Intel i5-14600H,NVIDIA RTX 3050,128,SSD,256,True,2.16,16.0,2985.13
406,Dell,Inspiron 15,Intel i7-14800H,NVIDIA RTX 4070,128,SSD,512,False,1.01,14.0,4050.4
407,Dell,XPS 13,Intel i5-14500H,NVIDIA RTX 3050,8,SSD,1024,False,1.35,13.3,1761.52
408,Dell,Inspiron 15,Intel Core Ultra 9 15700H,Intel Arc A750M,8,SSD,256,True,1.18,13.3,1817.89
409,Dell,Inspiron 15,Intel Core Ultra 9 15700H,NVIDIA RTX 4080,128,SSD,4096,False,1.17,13.3,4481.93
410,Dell,XPS 15,Intel i5-14600H,NVIDIA RTX 3050,128,SSD,256,True,1.33,14.0,2859.15
411,Dell,Inspiron 15,Intel Core Ultra 7 15500H,NVIDIA RTX 4060,16,SSD,4096,True,1.31,13.3,2722.71
412,Dell,Latitude 7420,AMD Ryzen 9 8900HX,NVIDIA RTX 4080,64,SSD,256,False,3.49,17.3,4204.75
413,Dell,Alienware M15,AMD Ryzen 7 8800H,NVIDIA RTX 4060,16,SSD,4096,False,3.32,18.4,2982.65
414,Dell,Inspiron 15,Intel Core Ultra 9 15700H,NVIDIA RTX 4080,32,SSD,512,False,2.75,17.3,3186.46
415,Dell,Latitude 7420,AMD Ryzen 5 8600H,NVIDIA RTX 4050,16,SSD,512,True,1.03,13.3,2366.37
416,Dell,XPS 13,Intel i5-14500H,NVIDIA RTX 3050,32,SSD,2048,False,1.95,16.0,2179.43
417,Dell,XPS 15,AMD Ryzen 9 8900HX,NVIDIA RTX 4070,128,SSD,256,False,1.45,13.3,4258.54
418,Dell,Alienware M15,Intel i7-14800H,NVIDIA RTX 4070,64,SSD,2048,False,2.37,16.0,3601.14
419,Dell,Alienware M15,AMD Ryzen 5 8600H,NVIDIA RTX 3050,32,SSD,2048,True,1.28,13.3,2286.81
420,Dell,Inspiron 15,Intel Core Ultra 7 15500H,NVIDIA RTX 4070,128,SSD,4096,False,1.2,14.0,4154.15
421,Dell,Latitude 7420,AMD Ryzen 9 8900HX,NVIDIA RTX 4080,64,SSD,2048,False,3.29,17.3,4248.3
422,Dell,XPS 15,Intel i9-14900HK,NVIDIA RTX 4080,16,SSD,1024,False,1.39,13.3,3760.76
423,Dell,Latitude 7420,AMD Ryzen 9 8900HX,AMD Radeon 780M,128,SSD,1024,False,2.56,17.3,3841.42
424,Dell,Alienware M15,AMD Ryzen 5 8600H,AMD Radeon 680M,8,SSD,512,False,2.66,18.4,1747.61
425,Dell,XPS 15,Intel i7-14800H,NVIDIA RTX 4060,8,SSD,2048,False,1.01,14.0,2800.36
426,Dell,Inspiron 15,Intel i9-14900HK,NVIDIA RTX 4070,32,SSD,4096,True,1.49,14.0,3837.09
427,Dell,XPS 13,AMD Ryzen 7 8800H,NVIDIA RTX 4060,128,SSD,1024,True,1.48,13.3,3707.39
428,Dell,XPS 13,Intel i7-14800H,NVIDIA RTX 4080,128,SSD,2048,True,2.21,15.6,4711.12
429,Dell,Alienware M15,AMD Ryzen 5 8600H,AMD Radeon 680M,16,SSD,256,False,1.06,13.3,1820.71
430,Dell,Latitude 7420,Intel i9-14900HK,NVIDIA RTX 4080,128,SSD,256,False,2.91,17.3,4706.08
431,Dell,XPS 13,Intel i9-14900HK,NVIDIA RTX 4080,64,SSD,256,True,1.17,14.0,4255.65
432,Dell,Alienware M15,AMD Ryzen 9 8900HX,NVIDIA RTX 4070,8,SSD,512,False,1.07,13.3,3252.43
433,Dell,Inspiron 15,Intel i5-14500H,NVIDIA RTX 3050,64,SSD,512,False,2.31,16.0,2285.04
434,Dell,Inspiron 15,AMD Ryzen 9 8900HX,NVIDIA RTX 4080,16,SSD,4096,True,1.58,15.6,4148.9
435,Dell,Latitude 7420,Intel i9-14900HK,NVIDIA RTX 4080,64,SSD,1024,False,3.09,17.3,4223.0
436,Dell,XPS 13,Intel Core Ultra 9 15700H,NVIDIA RTX 4070,64,SSD,1024,False,3.47,18.4,3025.14
437,Dell,XPS 15,Intel i5-14500H,NVIDIA RTX 4050,128,SSD,256,False,1.14,13.3,3069.51
438,Dell,Latitude 7420,Intel i7-14700H,NVIDIA RTX 4070,64,SSD,2048,False,3.25,17.3,3525.83
439,Dell,XPS 15,Intel i7-14700H,NVIDIA RTX 4070,64,SSD,512,False,1.01,14.0,3336.79
440,Dell,Inspiron 15,Intel i7-14700H,NVIDIA RTX 4060,16,SSD,512,True,1.04,14.0,2884.8
441,Dell,XPS 15,Intel Core Ultra 9 15700H,NVIDIA RTX 4070,32,SSD,2048,True,3.11,18.4,2967.74
442,Dell,Latitude 7420,Intel Core Ultra 9 15700H,Intel Arc A750M,16,SSD,1024,False,1.29,14.0,1850.04
443,Dell,Alienware M15,Intel i5-14600H,NVIDIA RTX 3050,32,SSD,2048,False,1.63,15.6,2148.75
444,Dell,Inspiron 15,Intel Core Ultra 7 15500H,NVIDIA RTX 4070,32,SSD,256,True,2.5,17.3,2950.18
445,Dell,XPS 15,Intel i5-14500H,Intel Iris Xe,32,SSD,1024,True,1.97,16.0,2149.38
446,Dell,Alienware M15,Intel i5-14600H,NVIDIA RTX 3050,32,SSD,1024,False,1.37,13.3,2041.8
447,Dell,Latitude 7420,AMD Ryzen 9 8900HX,AMD Radeon 780M,8,SSD,512,False,2.29,16.0,2635.64
448,Dell,Inspiron 15,AMD Ryzen 5 8600H,NVIDIA RTX 3050,32,SSD,1024,True,2.04,15.6,2164.46
449,Dell,Alienware M15,Intel i9-14900HK,NVIDIA RTX 4080,64,SSD,512,False,3.0,18.4,4173.59
450,Dell,Inspiron 15,Intel i9-14900HK,NVIDIA RTX 4080,16,SSD,4096,True,1.43,13.3,4205.97
451,Dell,Latitude 7420,Intel i5-14600H,NVIDIA RTX 4050,64,SSD,1024,True,1.28,14.0,2736.25
452,Dell,Alienware M15,Intel i7-14700H,NVIDIA RTX 4070,128,SSD,512,False,3.23,18.4,3825.45
453,Dell,XPS 15,Intel i7-14700H,NVIDIA RTX 4070,8,SSD,4096,False,1.54,15.6,3235.49
454,Dell,XPS 15,Intel i9-14900HK,NVIDIA RTX 4080,8,SSD,4096,False,2.7,18.4,4192.1
455,Dell,XPS 15,Intel i7-14800H,NVIDIA RTX 4060,16,SSD,512,False,2.91,18.4,2639.06
456,Dell,XPS 15,AMD Ryzen 9 8900HX,NVIDIA RTX 4080,32,SSD,2048,False,1.87,16.0,4153.84
457,Dell,Alienware M15,Intel i5-14500H,NVIDIA RTX 3050,32,SSD,1024,False,2.45,16.0,2074.72
458,Dell,Inspiron 15,AMD Ryzen 5 8600H,NVIDIA RTX 4050,64,SSD,4096,True,1.23,13.3,3210.85
459,Dell,Alienware M15,AMD Ryzen 7 8800H,NVIDIA RTX 4070,128,SSD,2048,False,3.0,17.3,4054.43
460,Dell,Inspiron 15,Intel i7-14700H,NVIDIA RTX 4070,32,SSD,4096,True,1.05,13.3,3702.92
461,Dell,XPS 15,AMD Ryzen 5 8600H,NVIDIA RTX 4050,8,SSD,4096,False,2.95,17.3,2401.37
462,Dell,XPS 15,Intel i5-14600H,Intel Iris Xe,32,SSD,512,True,1.09,13.3,2204.29
463,Dell,XPS 13,Intel i7-14700H,NVIDIA RTX 4060,128,SSD,2048,True,2.65,18.4,3829.61
464,Dell,XPS 13,Intel i5-14600H,NVIDIA RTX 4050,128,SSD,256,False,2.66,17.3,3040.76
465,Dell,Latitude 7420,Intel Core Ultra 9 15700H,NVIDIA RTX 4070,32,SSD,2048,False,1.15,13.3,2952.8
466,Dell,Latitude 7420,Intel i7-14800H,NVIDIA RTX 4080,8,SSD,1024,True,1.98,15.6,3594.9
467,Dell,Latitude 7420,Intel i7-14700H,NVIDIA RTX 4060,64,SSD,256,True,2.37,15.6,3158.32
468,Dell,XPS 13,AMD Ryzen 7 8800H,NVIDIA RTX 4060,16,SSD,256,False,1.48,13.3,2522.13
469,Dell,Latitude 7420,Intel Core Ultra 7 15500H,Intel Arc A750M,128,SSD,4096,True,1.16,14.0,3272.37
470,Dell,Latitude 7420,Intel Core Ultra 7 15500H,Intel Arc A750M,8,SSD,512,True,2.37,15.6,1772.42
471,Dell,XPS 15,Intel i7-14700H,NVIDIA RTX 4060,16,SSD,512,True,3.25,18.4,2766.15
472,Dell,Latitude 7420,Intel i5-14500H,NVIDIA RTX 3050,8,SSD,256,False,3.13,18.4,1771.15
473,Dell,Inspiron 15,AMD Ryzen 5 8600H,NVIDIA RTX 3050,32,SSD,2048,True,2.78,17.3,2350.51
474,Dell,XPS 15,Intel Core Ultra 9 15700H,NVIDIA RTX 4070,64,SSD,512,False,1.71,16.0,3058.64
475,Dell,Alienware M15,Intel i7-14800H,NVIDIA RTX 4070,128,SSD,256,True,2.26,15.6,4038.51
476,Dell,Alienware M15,Intel i5-14600H,NVIDIA RTX 4050,8,SSD,256,False,1.23,13.3,2082.87
477,Dell,Latitude 7420,Intel Core Ultra 7 15500H,NVIDIA RTX 4070,16,SSD,256,False,1.45,13.3,2596.05
478,Dell,XPS 15,AMD Ryzen 7 8800H,NVIDIA RTX 4070,32,SSD,2048,True,1.09,13.3,3438.47
479,Dell,XPS 13,Intel i5-14600H,Intel Iris Xe,32,SSD,512,False,1.15,14.0,1985.17
480,Dell,Alienware M15,Intel Core Ultra 7 15500H,NVIDIA RTX 4060,8,SSD,4096,True,2.72,17.3,2722.62
481,Dell,XPS 15,AMD Ryzen 7 8800H,AMD Radeon 780M,64,SSD,4096,False,2.87,18.4,3278.76
482,Dell,XPS 15,Intel i5-14600H,NVIDIA RTX 3050,128,SSD,4096,True,2.68,17.3,3425.7
483,Dell,Alienware M15,Intel Core Ultra 9 15700H,Intel Arc A750M,32,SSD,2048,True,2.89,17.3,2123.21
484,Dell,XPS 13,Intel i5-14500H,NVIDIA RTX 4050,128,SSD,256,False,2.75,18.4,3199.82
485,Dell,Alienware M15,Intel i5-14600H,NVIDIA RTX 4050,128,SSD,512,False,1.01,13.3,3142.08
486,Dell,Alienware M15,Intel Core Ultra 9 15700H,NVIDIA RTX 4080,8,SSD,256,True,2.97,18.4,3150.69
487,Dell,Latitude 7420,AMD Ryzen 7 8800H,NVIDIA RTX 4070,16,SSD,4096,True,1.4,14.0,3479.12
488,Dell,Inspiron 15,AMD Ryzen 9 8900HX,NVIDIA RTX 4080,64,SSD,1024,True,1.48,13.3,4399.25
489,Dell,Latitude 7420,Intel i5-14500H,NVIDIA RTX 4050,8,SSD,1024,True,2.53,17.3,2193.42
490,Dell,XPS 15,Intel i5-14600H,NVIDIA RTX 3050,16,SSD,2048,True,1.15,14.0,2235.02
491,Dell,Latitude 7420,Intel Core Ultra 7 15500H,NVIDIA RTX 4060,8,SSD,2048,True,2.49,16.0,2592.74
492,Dell,Latitude 7420,AMD Ryzen 7 8800H,NVIDIA RTX 4070,128,SSD,1024,True,1.33,13.3,4186.14
493,Dell,XPS 13,Intel i5-14600H,NVIDIA RTX 3050,128,SSD,512,False,3.44,18.4,2891.03
494,Dell,XPS 13,AMD Ryzen 9 8900HX,AMD Radeon 780M,64,SSD,256,False,1.01,13.3,3137.94
495,Dell,Inspiron 15,Intel i5-14500H,Intel Iris Xe,128,SSD,4096,True,1.22,14.0,3413.69
496,Dell,XPS 13,Intel i5-14500H,NVIDIA RTX 4050,8,SSD,512,True,2.64,18.4,2220.76
497,Dell,XPS 15,Intel Core Ultra 9 15700H,Intel Arc A750M,16,SSD,256,False,3.07,17.3,1721.76
498,Dell,XPS 15,Intel Core Ultra 7 15500H,NVIDIA RTX 4060,8,SSD,1024,True,1.32,14.0,2309.62
499,Dell,XPS 13,AMD Ryzen 5 8600H,NVIDIA RTX 3050,16,SSD,2048,False,3.3,18.4,2039.7
500,Dell,Alienware M15,Intel i7-14800H,NVIDIA RTX 4070,8,SSD,2048,True,1.16,14.0,3230.42
501,Dell,XPS 15,Intel Core Ultra 7 15500H,Intel Arc A750M,16,SSD,512,True,2.57,17.3,1816.15
502,Dell,Alienware M15,Intel Core Ultra 7 15500H,NVIDIA RTX 4060,8,SSD,4096,True,2.59,18.4,2820.31
503,Dell,Inspiron 15,AMD Ryzen 5 8600H,AMD Radeon 680M,128,SSD,1024,True,2.06,15.6,2982.25
504,Dell,Latitude 7420,Intel i7-14800H,NVIDIA RTX 4080,32,SSD,4096,True,2.16,15.6,3969.69
505,Dell,Latitude 7420,AMD Ryzen 7 8800H,NVIDIA RTX 4060,64,SSD,1024,True,2.22,16.0,3272.07
506,Dell,Alienware M15,Intel i5-14600H,NVIDIA RTX 3050,8,SSD,256,False,1.2,13.3,1837.6
507,Dell,XPS 15,AMD Ryzen 9 8900HX,NVIDIA RTX 4070,32,SSD,256,False,1.37,13.3,3275.46
508,Dell,Latitude 7420,AMD Ryzen 5 8600H,AMD Radeon 680M,16,SSD,256,False,3.08,18.4,1822.57
509,Dell,XPS 15,Intel i9-14900HK,NVIDIA RTX 4070,16,SSD,1024,False,1.44,13.3,3314.29
510,Dell,XPS 15,Intel i7-14800H,NVIDIA RTX 4070,64,SSD,256,False,1.05,14.0,3375.92
511,Dell,Inspiron 15,Intel i7-14700H,NVIDIA RTX 4060,128,SSD,512,True,1.2,14.0,3822.05
512,Dell,Inspiron 15,Intel i5-14500H,NVIDIA RTX 3050,8,SSD,256,True,1.25,13.3,1966.97
513,Dell,XPS 13,Intel Core Ultra 7 15500H,NVIDIA RTX 4060,32,SSD,1024,True,2.62,18.4,2549.66
514,Dell,XPS 13,Intel i5-14500H,Intel Iris Xe,64,SSD,1024,False,1.35,13.3,2237.53
515,Dell,XPS 15,Intel i7-14800H,NVIDIA RTX 4080,32,SSD,512,True,1.27,13.3,3735.35
516,HP,Spectre x360,Intel i7-14800H,NVIDIA RTX 4060,16,SSD,4096,True,1.6,16.0,3220.78
517,HP,EliteBook 840,Intel i7-14700H,NVIDIA RTX 4070,16,SSD,4096,True,1.02,13.3,3472.9
518,HP,Omen 15,AMD Ryzen 5 8600H,NVIDIA RTX 3050,128,SSD,256,True,2.67,17.3,3006.07
519,HP,Envy 13,Intel i7-14700H,NVIDIA RTX 4070,8,SSD,512,False,3.43,18.4,2883.17
520,HP,EliteBook 840,AMD Ryzen 9 8900HX,NVIDIA RTX 4070,128,SSD,1024,True,2.04,15.6,4489.3
521,HP,Pavilion 15,Intel i7-14700H,NVIDIA RTX 4060,16,SSD,4096,True,1.97,15.6,3056.76
522,HP,Pavilion 15,Intel i7-14800H,NVIDIA RTX 4060,128,SSD,4096,True,2.84,18.4,4058.87
523,HP,EliteBook 840,Intel Core Ultra 9 15700H,NVIDIA RTX 4080,8,SSD,1024,True,2.92,17.3,3123.61
524,HP,Pavilion 15,Intel i5-14600H,NVIDIA RTX 4050,64,SSD,256,False,2.61,17.3,2548.85
525,HP,Envy 13,Intel Core Ultra 7 15500H,Intel Arc A750M,64,SSD,2048,False,1.97,16.0,2289.18
526,HP,EliteBook 840,Intel i7-14700H,NVIDIA RTX 4070,16,SSD,1024,True,2.13,15.6,3202.25
527,HP,Pavilion 15,AMD Ryzen 7 8800H,AMD Radeon 780M,32,SSD,2048,False,1.0,13.3,2642.63
528,HP,Omen 15,Intel Core Ultra 7 15500H,Intel Arc A750M,8,SSD,4096,False,1.16,14.0,2079.33
529,HP,Spectre x360,Intel Core Ultra 7 15500H,NVIDIA RTX 4060,128,SSD,4096,False,2.48,16.0,3622.59
530,HP,Envy 13,Intel i5-14500H,NVIDIA RTX 3050,8,SSD,2048,True,1.42,14.0,2058.16
531,HP,Omen 15,Intel Core Ultra 9 15700H,Intel Arc A750M,16,SSD,256,True,2.02,16.0,1863.92
532,HP,Pavilion 15,Intel i7-14800H,NVIDIA RTX 4060,32,SSD,4096,False,2.53,17.3,3175.79
533,HP,Envy 13,Intel Core Ultra 9 15700H,NVIDIA RTX 4070,8,SSD,256,True,3.04,17.3,2599.71
534,HP,Spectre x360,Intel i5-14500H,NVIDIA RTX 3050,64,SSD,512,True,1.7,16.0,2355.67
535,HP,Pavilion 15,Intel i5-14600H,NVIDIA RTX 4050,32,SSD,1024,True,2.34,16.0,2477.32
536,HP,Pavilion 15,Intel Core Ultra 9 15700H,NVIDIA RTX 4070,128,SSD,2048,True,1.41,14.0,3902.28
537,HP,Pavilion 15,AMD Ryzen 7 8800H,NVIDIA RTX 4070,64,SSD,2048,False,1.18,14.0,3625.86
538,HP,Spectre x360,Intel i7-14700H,NVIDIA RTX 4070,16,SSD,512,False,1.44,13.3,2894.07
539,HP,Envy 13,Intel i7-14800H,NVIDIA RTX 4060,8,SSD,512,False,1.78,15.6,2544.21
540,HP,EliteBook 840,AMD Ryzen 5 8600H,NVIDIA RTX 3050,128,SSD,4096,True,1.9,15.6,3355.76
541,HP,Pavilion 15,Intel i9-14900HK,NVIDIA RTX 4080,8,SSD,512,False,2.45,15.6,3757.42
542,HP,Omen 15,Intel Core Ultra 7 15500H,Intel Arc A750M,16,SSD,2048,True,1.08,14.0,2052.29
543,HP,Pavilion 15,Intel i7-14800H,NVIDIA RTX 4080,32,SSD,1024,True,2.53,17.3,3699.34
544,HP,Omen 15,Intel i7-14700H,NVIDIA RTX 4070,128,SSD,2048,False,2.69,17.3,4129.74
545,HP,Envy 13,Intel Core Ultra 9 15700H,NVIDIA RTX 4080,64,SSD,512,True,2.08,16.0,3662.78
546,HP,Spectre x360,AMD Ryzen 5 8600H,NVIDIA RTX 4050,128,SSD,4096,False,3.15,17.3,3547.09
547,HP,EliteBook 840,Intel i7-14800H,NVIDIA RTX 4070,128,SSD,512,True,1.35,13.3,4157.0
548,HP,Pavilion 15,Intel i5-14500H,NVIDIA RTX 4050,8,SSD,2048,False,2.5,17.3,2124.44
549,HP,EliteBook 840,AMD Ryzen 9 8900HX,NVIDIA RTX 4080,128,SSD,512,False,3.07,17.3,4649.43
550,HP,EliteBook 840,Intel i5-14600H,Intel Iris Xe,32,SSD,4096,True,1.58,15.6,2555.71
551,HP,Pavilion 15,Intel i5-14600H,Intel Iris Xe,64,SSD,2048,False,2.3,16.0,2439.23
552,HP,Envy 13,Intel i5-14600H,Intel Iris Xe,8,SSD,4096,True,3.27,18.4,2306.85
553,HP,Spectre x360,Intel Core Ultra 7 15500H,NVIDIA RTX 4070,64,SSD,2048,False,3.06,17.3,3109.94
554,HP,Pavilion 15,Intel i7-14700H,NVIDIA RTX 4060,32,SSD,512,True,3.39,17.3,2844.02
555,HP,Omen 15,Intel Core Ultra 7 15500H,Intel Arc A750M,64,SSD,1024,False,2.19,15.6,2223.84
556,HP,Pavilion 15,AMD Ryzen 5 8600H,NVIDIA RTX 4050,32,SSD,256,False,1.17,13.3,2302.3
557,HP,Envy 13,Intel i9-14900HK,NVIDIA RTX 4070,64,SSD,256,True,2.97,17.3,3853.62
558,HP,Spectre x360,AMD Ryzen 9 8900HX,NVIDIA RTX 4070,8,SSD,256,True,1.51,15.6,3402.54
559,HP,Envy 13,Intel Core Ultra 7 15500H,NVIDIA RTX 4070,16,SSD,2048,False,1.39,14.0,2818.0
560,HP,Spectre x360,Intel Core Ultra 9 15700H,NVIDIA RTX 4070,128,SSD,1024,False,1.15,13.3,3730.38
561,HP,Spectre x360,Intel i5-14500H,Intel Iris Xe,16,SSD,4096,False,2.5,15.6,2186.9
562,HP,Omen 15,Intel i7-14700H,NVIDIA RTX 4070,64,SSD,256,False,1.16,13.3,3353.5
563,HP,Omen 15,Intel i7-14800H,NVIDIA RTX 4070,64,SSD,256,False,2.13,16.0,3379.19
564,HP,Pavilion 15,AMD Ryzen 5 8600H,NVIDIA RTX 3050,128,SSD,512,False,1.12,14.0,2891.64
565,HP,Pavilion 15,Intel Core Ultra 9 15700H,Intel Arc A750M,128,SSD,2048,False,3.11,17.3,2803.45
566,HP,EliteBook 840,Intel Core Ultra 9 15700H,NVIDIA RTX 4070,128,SSD,4096,True,2.12,16.0,4110.71
567,HP,Pavilion 15,Intel i7-14800H,NVIDIA RTX 4070,32,SSD,256,True,3.18,17.3,3162.63
568,HP,Pavilion 15,Intel Core Ultra 9 15700H,NVIDIA RTX 4070,8,SSD,1024,True,2.27,15.6,2665.23
569,HP,Omen 15,Intel i7-14800H,NVIDIA RTX 4080,128,SSD,256,True,1.22,14.0,4475.16
570,HP,Omen 15,Intel i5-14500H,Intel Iris Xe,8,SSD,2048,True,2.29,15.6,2025.84
571,HP,Omen 15,AMD Ryzen 9 8900HX,NVIDIA RTX 4080,8,SSD,256,False,3.36,18.4,3484.95
572,HP,Spectre x360,Intel i7-14700H,NVIDIA RTX 4070,16,SSD,256,True,1.64,15.6,3033.94
573,HP,Spectre x360,Intel i5-14600H,Intel Iris Xe,8,SSD,256,False,1.05,14.0,1775.4
574,HP,Envy 13,AMD Ryzen 5 8600H,NVIDIA RTX 4050,32,SSD,512,False,2.16,15.6,2233.4
575,HP,Envy 13,Intel i9-14900HK,NVIDIA RTX 4070,8,SSD,4096,False,3.47,18.4,3521.16
576,HP,Omen 15,Intel Core Ultra 7 15500H,NVIDIA RTX 4060,128,SSD,256,True,2.74,17.3,3399.41
577,HP,Pavilion 15,AMD Ryzen 5 8600H,NVIDIA RTX 3050,32,SSD,2048,False,2.22,16.0,2091.63
578,HP,Pavilion 15,Intel i7-14800H,NVIDIA RTX 4060,128,SSD,4096,False,3.08,17.3,3848.44
579,HP,EliteBook 840,Intel i9-14900HK,NVIDIA RTX 4070,128,SSD,2048,False,2.55,17.3,4454.14
580,HP,Envy 13,AMD Ryzen 7 8800H,NVIDIA RTX 4060,128,SSD,1024,False,3.05,17.3,3565.67
581,HP,Omen 15,Intel Core Ultra 7 15500H,NVIDIA RTX 4070,32,SSD,4096,False,1.17,13.3,3285.11
582,HP,Spectre x360,AMD Ryzen 9 8900HX,NVIDIA RTX 4070,64,SSD,1024,True,3.14,18.4,3918.07
583,HP,Omen 15,Intel i5-14500H,Intel Iris Xe,8,SSD,4096,True,1.26,13.3,2298.05
584,HP,Omen 15,Intel i5-14500H,NVIDIA RTX 4050,128,SSD,256,True,1.57,15.6,3295.33
585,HP,Envy 13,Intel i7-14700H,NVIDIA RTX 4060,32,SSD,2048,True,1.65,16.0,3089.28
586,HP,Pavilion 15,Intel i7-14700H,NVIDIA RTX 4070,8,SSD,256,True,2.99,17.3,2998.28
587,HP,Envy 13,Intel Core Ultra 7 15500H,NVIDIA RTX 4060,128,SSD,512,True,1.49,14.0,3427.39
588,HP,Envy 13,Intel i7-14700H,NVIDIA RTX 4070,16,SSD,4096,True,3.03,18.4,3360.38
589,HP,Envy 13,Intel i7-14800H,NVIDIA RTX 4070,16,SSD,256,True,1.87,15.6,3038.99
590,HP,Pavilion 15,AMD Ryzen 7 8800H,AMD Radeon 780M,8,SSD,4096,False,3.07,18.4,2678.9
591,HP,Spectre x360,Intel i9-14900HK,NVIDIA RTX 4070,128,SSD,2048,False,2.7,18.4,4444.04
592,HP,Envy 13,AMD Ryzen 7 8800H,NVIDIA RTX 4060,16,SSD,4096,True,3.36,18.4,3173.22
593,HP,Omen 15,Intel Core Ultra 9 15700H,NVIDIA RTX 4080,64,SSD,512,True,3.31,18.4,3581.76
594,HP,EliteBook 840,Intel i7-14800H,NVIDIA RTX 4080,64,SSD,4096,True,3.32,17.3,4212.66
595,HP,Spectre x360,AMD Ryzen 7 8800H,AMD Radeon 780M,8,SSD,2048,False,2.36,15.6,2434.37
596,HP,Envy 13,Intel i5-14500H,NVIDIA RTX 3050,128,SSD,2048,True,1.87,15.6,3136.37
597,HP,Spectre x360,Intel i7-14700H,NVIDIA RTX 4060,64,SSD,1024,True,2.89,17.3,3252.88
598,HP,Omen 15,AMD Ryzen 9 8900HX,AMD Radeon 780M,8,SSD,1024,False,2.14,16.0,2634.01
599,HP,Pavilion 15,AMD Ryzen 9 8900HX,AMD Radeon 780M,32,SSD,512,True,1.64,16.0,2904.67
600,HP,Spectre x360,Intel i5-14600H,NVIDIA RTX 4050,8,SSD,256,False,1.32,14.0,1912.06
601,HP,EliteBook 840,Intel i5-14600H,Intel Iris Xe,64,SSD,2048,False,3.45,18.4,2481.7
602,HP,Omen 15,AMD Ryzen 5 8600H,AMD Radeon 680M,8,SSD,256,True,1.93,16.0,1827.53
603,HP,Spectre x360,Intel i7-14700H,NVIDIA RTX 4060,8,SSD,1024,False,1.26,14.0,2682.37
604,HP,Omen 15,Intel i9-14900HK,NVIDIA RTX 4070,128,SSD,2048,False,1.01,13.3,4451.43
605,HP,Omen 15,Intel i5-14500H,NVIDIA RTX 3050,128,SSD,1024,True,2.57,17.3,3028.56
606,HP,EliteBook 840,Intel i5-14600H,Intel Iris Xe,128,SSD,512,True,1.84,16.0,2910.96
607,HP,EliteBook 840,Intel i5-14500H,NVIDIA RTX 4050,8,SSD,2048,True,1.54,15.6,2352.58
608,HP,Pavilion 15,Intel i9-14900HK,NVIDIA RTX 4070,16,SSD,4096,False,3.09,18.4,3700.49
609,HP,Spectre x360,AMD Ryzen 7 8800H,NVIDIA RTX 4060,128,SSD,2048,True,2.87,17.3,3898.73
610,HP,Envy 13,Intel i5-14600H,Intel Iris Xe,64,SSD,256,True,1.08,13.3,2464.6
611,HP,EliteBook 840,Intel i5-14500H,Intel Iris Xe,128,SSD,4096,False,1.38,14.0,3183.81
612,HP,Omen 15,Intel i9-14900HK,NVIDIA RTX 4080,128,SSD,256,False,1.78,16.0,4612.83
613,HP,Pavilion 15,Intel i7-14700H,NVIDIA RTX 4060,64,SSD,512,False,3.09,17.3,3007.01
614,HP,Pavilion 15,Intel i9-14900HK,NVIDIA RTX 4070,128,SSD,1024,False,1.43,13.3,4368.62
615,HP,Omen 15,Intel Core Ultra 7 15500H,Intel Arc A750M,32,SSD,512,True,2.57,18.4,2047.7
616,HP,Envy 13,Intel i9-14900HK,NVIDIA RTX 4080,32,SSD,512,True,2.34,15.6,4060.61
617,HP,Omen 15,AMD Ryzen 5 8600H,AMD Radeon 680M,16,SSD,4096,True,1.31,13.3,2384.06
618,HP,Pavilion 15,Intel i5-14500H,Intel Iris Xe,32,SSD,4096,True,2.64,17.3,2494.84
619,HP,Pavilion 15,AMD Ryzen 9 8900HX,NVIDIA RTX 4070,32,SSD,512,True,1.22,13.3,3714.95
620,HP,EliteBook 840,Intel i5-14600H,NVIDIA RTX 4050,64,SSD,4096,False,1.44,13.3,2833.33
621,HP,Envy 13,Intel Core Ultra 7 15500H,Intel Arc A750M,64,SSD,256,False,2.99,17.3,2119.23
622,HP,Pavilion 15,Intel i5-14600H,NVIDIA RTX 3050,128,SSD,4096,False,2.51,17.3,3189.76
623,HP,Spectre x360,Intel i7-14800H,NVIDIA RTX 4080,16,SSD,256,False,3.08,17.3,3311.3
624,HP,Spectre x360,Intel i5-14500H,NVIDIA RTX 3050,64,SSD,2048,False,3.35,18.4,2373.43
625,HP,Pavilion 15,Intel Core Ultra 9 15700H,NVIDIA RTX 4070,8,SSD,4096,True,1.25,13.3,3197.9
626,HP,Pavilion 15,AMD Ryzen 7 8800H,NVIDIA RTX 4060,64,SSD,1024,True,3.0,18.4,3135.26
627,HP,Omen 15,Intel Core Ultra 9 15700H,Intel Arc A750M,16,SSD,512,True,2.83,18.4,1778.75
628,HP,Spectre x360,Intel i7-14800H,NVIDIA RTX 4070,32,SSD,4096,False,2.81,17.3,3453.51
629,HP,Envy 13,Intel i7-14800H,NVIDIA RTX 4080,128,SSD,256,True,3.18,17.3,4534.42
630,HP,Pavilion 15,Intel i9-14900HK,NVIDIA RTX 4070,128,SSD,1024,False,1.07,13.3,4429.01
631,HP,Pavilion 15,Intel Core Ultra 9 15700H,NVIDIA RTX 4080,128,SSD,256,False,1.12,14.0,3973.11
632,HP,Envy 13,AMD Ryzen 9 8900HX,NVIDIA RTX 4070,128,SSD,1024,False,1.01,14.0,4423.8
633,HP,Envy 13,Intel Core Ultra 9 15700H,NVIDIA RTX 4080,32,SSD,4096,False,1.26,13.3,3690.5
634,HP,Omen 15,AMD Ryzen 7 8800H,NVIDIA RTX 4060,128,SSD,512,False,2.84,17.3,3640.67
635,HP,Spectre x360,Intel i5-14600H,NVIDIA RTX 3050,32,SSD,2048,False,1.25,13.3,2176.14
636,HP,EliteBook 840,AMD Ryzen 7 8800H,NVIDIA RTX 4060,64,SSD,256,True,3.28,17.3,3080.45
637,HP,Omen 15,Intel i5-14600H,NVIDIA RTX 4050,8,SSD,256,True,2.24,15.6,2092.04
638,HP,Omen 15,Intel i5-14600H,NVIDIA RTX 3050,16,SSD,2048,False,3.46,18.4,2016.69
639,HP,Envy 13,Intel i5-14500H,Intel Iris Xe,16,SSD,256,False,2.44,16.0,1797.36
640,HP,EliteBook 840,Intel Core Ultra 7 15500H,Intel Arc A750M,128,SSD,2048,True,1.19,14.0,2991.87
641,HP,Omen 15,Intel i5-14500H,NVIDIA RTX 4050,128,SSD,256,False,1.05,13.3,3174.01
642,HP,Envy 13,Intel Core Ultra 7 15500H,NVIDIA RTX 4060,64,SSD,1024,False,1.77,16.0,2837.98
643,HP,EliteBook 840,Intel Core Ultra 7 15500H,Intel Arc A750M,128,SSD,512,True,2.07,16.0,2877.38
644,HP,Pavilion 15,Intel Core Ultra 7 15500H,Intel Arc A750M,8,SSD,512,True,2.44,15.6,1790.42
645,HP,EliteBook 840,Intel i9-14900HK,NVIDIA RTX 4080,16,SSD,512,True,3.1,18.4,3863.41
646,HP,Spectre x360,AMD Ryzen 5 8600H,AMD Radeon 680M,8,SSD,1024,True,2.77,18.4,1969.46
647,HP,Omen 15,AMD Ryzen 5 8600H,NVIDIA RTX 4050,64,SSD,1024,True,3.11,17.3,2700.38
648,HP,Omen 15,AMD Ryzen 7 8800H,NVIDIA RTX 4060,32,SSD,256,True,2.19,16.0,2876.75
649,HP,Omen 15,Intel i7-14700H,NVIDIA RTX 4060,128,SSD,256,False,1.27,13.3,3639.8
650,HP,EliteBook 840,Intel i7-14700H,NVIDIA RTX 4060,16,SSD,1024,False,1.32,13.3,2551.22
651,HP,Envy 13,Intel i9-14900HK,NVIDIA RTX 4070,128,SSD,2048,False,2.05,15.6,4361.6
652,Lenovo,Legion 5,Intel i7-14800H,NVIDIA RTX 4060,32,SSD,1024,True,1.14,14.0,2916.48
653,Lenovo,Yoga Slim 7,Intel i5-14600H,Intel Iris Xe,32,SSD,2048,False,1.65,16.0,2085.31
654,Lenovo,ThinkBook 14s,Intel Core Ultra 7 15500H,Intel Arc A750M,16,SSD,512,False,3.35,18.4,1781.8
655,Lenovo,ThinkBook 14s,Intel i5-14600H,Intel Iris Xe,32,SSD,2048,True,1.04,14.0,2329.38
656,Lenovo,Legion 5,Intel Core Ultra 7 15500H,NVIDIA RTX 4070,8,SSD,2048,True,2.18,15.6,2907.03
657,Lenovo,Legion 5,Intel Core Ultra 7 15500H,Intel Arc A750M,128,SSD,256,True,2.07,16.0,2816.41
658,Lenovo,Legion 5,Intel i7-14800H,NVIDIA RTX 4080,64,SSD,1024,False,1.23,13.3,3972.76
659,Lenovo,ThinkBook 14s,Intel Core Ultra 9 15700H,NVIDIA RTX 4070,32,SSD,512,False,2.25,16.0,2785.84
660,Lenovo,ThinkBook 14s,Intel i5-14600H,NVIDIA RTX 4050,16,SSD,512,True,2.26,15.6,2256.04
661,Lenovo,IdeaPad 5,Intel Core Ultra 7 15500H,Intel Arc A750M,128,SSD,256,False,2.09,15.6,2669.16
662,Lenovo,IdeaPad 5,Intel Core Ultra 9 15700H,NVIDIA RTX 4080,128,SSD,2048,False,2.97,18.4,4231.48
663,Lenovo,Legion 5,Intel i7-14800H,NVIDIA RTX 4080,64,SSD,2048,True,3.32,17.3,4060.72
664,Lenovo,Yoga Slim 7,Intel i7-14800H,NVIDIA RTX 4080,128,SSD,256,True,2.25,15.6,4468.75
665,Lenovo,ThinkBook 14s,AMD Ryzen 5 8600H,NVIDIA RTX 4050,32,SSD,2048,False,2.12,16.0,2434.07
666,Lenovo,Yoga Slim 7,Intel i7-14800H,NVIDIA RTX 4060,64,SSD,256,True,2.99,18.4,3113.99
667,Lenovo,Yoga Slim 7,AMD Ryzen 7 8800H,NVIDIA RTX 4060,8,SSD,4096,False,2.46,16.0,2920.37
668,Lenovo,ThinkBook 14s,Intel i5-14600H,Intel Iris Xe,8,SSD,2048,False,2.6,18.4,1888.72
669,Lenovo,Yoga Slim 7,Intel Core Ultra 7 15500H,Intel Arc A750M,64,SSD,2048,True,1.21,13.3,2455.13
670,Lenovo,IdeaPad 5,Intel i5-14600H,Intel Iris Xe,128,SSD,1024,False,1.16,13.3,2985.1
671,Lenovo,ThinkPad X1 Carbon,Intel Core Ultra 9 15700H,Intel Arc A750M,64,SSD,4096,False,1.9,16.0,2496.51
672,Lenovo,ThinkPad X1 Carbon,Intel i9-14900HK,NVIDIA RTX 4080,16,SSD,256,False,2.98,17.3,3816.48
673,Lenovo,ThinkPad X1 Carbon,AMD Ryzen 5 8600H,NVIDIA RTX 4050,16,SSD,256,False,2.73,18.4,2156.09
674,Lenovo,ThinkPad X1 Carbon,AMD Ryzen 7 8800H,NVIDIA RTX 4070,8,SSD,1024,True,2.7,17.3,3046.04
675,Lenovo,ThinkPad X1 Carbon,Intel i5-14500H,Intel Iris Xe,8,SSD,256,False,1.03,14.0,1846.39
676,Lenovo,IdeaPad 5,Intel i9-14900HK,NVIDIA RTX 4070,32,SSD,512,False,2.1,16.0,3421.87
677,Lenovo,ThinkPad X1 Carbon,AMD Ryzen 9 8900HX,AMD Radeon 780M,64,SSD,4096,True,2.66,17.3,3563.3
678,Lenovo,Legion 5,AMD Ryzen 9 8900HX,AMD Radeon 780M,32,SSD,2048,False,2.22,16.0,3012.86
679,Lenovo,ThinkPad X1 Carbon,Intel i9-14900HK,NVIDIA RTX 4080,16,SSD,1024,False,1.03,13.3,3845.63
680,Lenovo,ThinkBook 14s,Intel Core Ultra 9 15700H,Intel Arc A750M,32,SSD,1024,True,2.31,15.6,2024.44
681,Lenovo,IdeaPad 5,Intel Core Ultra 9 15700H,NVIDIA RTX 4080,16,SSD,1024,True,1.31,13.3,3325.88
682,Lenovo,Legion 5,Intel i5-14600H,Intel Iris Xe,32,SSD,2048,False,1.47,13.3,2063.36
683,Lenovo,Yoga Slim 7,AMD Ryzen 5 8600H,NVIDIA RTX 3050,8,SSD,512,False,1.9,16.0,1737.12
684,Lenovo,Yoga Slim 7,Intel i5-14600H,NVIDIA RTX 3050,32,SSD,256,False,2.31,16.0,1970.45
685,Lenovo,ThinkBook 14s,Intel i7-14800H,NVIDIA RTX 4070,128,SSD,512,True,1.82,16.0,4131.76
686,Lenovo,Yoga Slim 7,Intel i7-14700H,NVIDIA RTX 4070,64,SSD,512,False,2.11,16.0,3428.68
687,Lenovo,ThinkPad X1 Carbon,Intel Core Ultra 9 15700H,Intel Arc A750M,64,SSD,256,True,3.45,17.3,2188.7
688,Lenovo,Legion 5,Intel Core Ultra 7 15500H,Intel Arc A750M,128,SSD,2048,False,1.51,16.0,2813.65
689,Lenovo,ThinkPad X1 Carbon,Intel Core Ultra 7 15500H,NVIDIA RTX 4060,64,SSD,4096,False,1.91,16.0,3208.17
690,Lenovo,IdeaPad 5,Intel i9-14900HK,NVIDIA RTX 4080,16,SSD,1024,False,1.44,14.0,3747.01
691,Lenovo,IdeaPad 5,AMD Ryzen 7 8800H,NVIDIA RTX 4070,32,SSD,1024,True,3.13,18.4,3250.88
692,Lenovo,ThinkBook 14s,Intel Core Ultra 9 15700H,NVIDIA RTX 4070,32,SSD,4096,False,2.98,18.4,3053.84
693,Lenovo,ThinkPad X1 Carbon,Intel i5-14500H,NVIDIA RTX 4050,128,SSD,256,True,2.16,15.6,3295.7
694,Lenovo,Yoga Slim 7,Intel i5-14500H,Intel Iris Xe,16,SSD,512,False,2.47,15.6,1787.61
695,Lenovo,Legion 5,Intel i7-14700H,NVIDIA RTX 4060,64,SSD,512,False,1.57,15.6,3001.05
696,Lenovo,IdeaPad 5,Intel i5-14600H,NVIDIA RTX 4050,32,SSD,2048,False,1.34,13.3,2453.64
697,Lenovo,IdeaPad 5,Intel i7-14700H,NVIDIA RTX 4070,64,SSD,2048,True,3.15,18.4,3687.31
698,Lenovo,Legion 5,Intel i7-14700H,NVIDIA RTX 4070,128,SSD,512,True,1.1,14.0,4077.48
699,Lenovo,Legion 5,Intel i7-14800H,NVIDIA RTX 4060,128,SSD,512,False,3.24,18.4,3649.06
700,Lenovo,IdeaPad 5,AMD Ryzen 9 8900HX,NVIDIA RTX 4080,16,SSD,1024,False,3.39,17.3,3676.9
701,Lenovo,ThinkBook 14s,Intel i5-14600H,NVIDIA RTX 4050,32,SSD,512,False,1.13,14.0,2381.85
702,Lenovo,Legion 5,AMD Ryzen 5 8600H,NVIDIA RTX 4050,16,SSD,4096,True,1.86,15.6,2638.51
703,Lenovo,ThinkPad X1 Carbon,Intel i9-14900HK,NVIDIA RTX 4070,8,SSD,512,False,1.69,16.0,3220.77
704,Lenovo,ThinkPad X1 Carbon,AMD Ryzen 9 8900HX,NVIDIA RTX 4070,8,SSD,1024,True,3.33,18.4,3451.34
705,Lenovo,ThinkPad X1 Carbon,AMD Ryzen 9 8900HX,NVIDIA RTX 4080,32,SSD,4096,True,1.24,13.3,4562.96
706,Lenovo,Yoga Slim 7,AMD Ryzen 9 8900HX,NVIDIA RTX 4070,16,SSD,4096,False,2.82,17.3,3701.95
707,Lenovo,ThinkPad X1 Carbon,Intel i7-14700H,NVIDIA RTX 4070,128,SSD,1024,True,1.36,13.3,4090.2
708,Lenovo,ThinkBook 14s,AMD Ryzen 7 8800H,AMD Radeon 780M,128,SSD,2048,False,1.33,13.3,3427.46
709,Lenovo,ThinkBook 14s,Intel Core Ultra 7 15500H,Intel Arc A750M,32,SSD,4096,True,2.46,15.6,2355.53
710,Lenovo,ThinkPad X1 Carbon,Intel Core Ultra 9 15700H,NVIDIA RTX 4070,128,SSD,1024,True,1.34,13.3,3726.56
711,Lenovo,ThinkBook 14s,Intel i9-14900HK,NVIDIA RTX 4070,128,SSD,1024,False,1.01,14.0,4335.45
712,Lenovo,Yoga Slim 7,Intel Core Ultra 7 15500H,NVIDIA RTX 4070,16,SSD,4096,False,1.29,13.3,3020.07
713,Lenovo,Legion 5,Intel i7-14800H,NVIDIA RTX 4070,8,SSD,256,True,2.71,18.4,2941.23
714,Lenovo,Legion 5,AMD Ryzen 5 8600H,NVIDIA RTX 3050,64,SSD,2048,True,1.2,14.0,2577.1
715,Lenovo,Legion 5,Intel Core Ultra 9 15700H,NVIDIA RTX 4070,8,SSD,2048,False,1.89,15.6,2742.64
716,Lenovo,ThinkBook 14s,Intel i9-14900HK,NVIDIA RTX 4080,64,SSD,4096,True,2.49,15.6,4751.72
717,Lenovo,IdeaPad 5,AMD Ryzen 5 8600H,NVIDIA RTX 3050,64,SSD,1024,True,1.21,13.3,2554.05
718,Lenovo,ThinkBook 14s,Intel i5-14500H,NVIDIA RTX 3050,8,SSD,256,True,2.64,18.4,1893.84
719,Lenovo,ThinkPad X1 Carbon,AMD Ryzen 9 8900HX,AMD Radeon 780M,32,SSD,512,False,1.46,14.0,2837.9
720,Lenovo,ThinkBook 14s,AMD Ryzen 9 8900HX,NVIDIA RTX 4080,128,SSD,1024,True,1.34,13.3,4931.21
721,Lenovo,Yoga Slim 7,Intel i7-14700H,NVIDIA RTX 4070,8,SSD,1024,True,1.21,14.0,3051.19
722,Lenovo,ThinkBook 14s,Intel i5-14500H,Intel Iris Xe,16,SSD,256,True,1.37,13.3,1867.48
723,Lenovo,ThinkBook 14s,Intel i5-14500H,NVIDIA RTX 4050,16,SSD,1024,False,2.46,15.6,2147.04
724,Lenovo,Legion 5,Intel i9-14900HK,NVIDIA RTX 4070,32,SSD,1024,False,1.39,13.3,3409.67
725,Lenovo,IdeaPad 5,Intel Core Ultra 9 15700H,NVIDIA RTX 4070,32,SSD,512,False,1.48,14.0,2740.92
726,Lenovo,ThinkBook 14s,AMD Ryzen 5 8600H,NVIDIA RTX 4050,128,SSD,1024,True,2.56,17.3,3338.99
727,Lenovo,IdeaPad 5,Intel i7-14700H,NVIDIA RTX 4060,32,SSD,4096,False,2.95,18.4,3165.61
728,Lenovo,ThinkPad X1 Carbon,AMD Ryzen 9 8900HX,NVIDIA RTX 4080,128,SSD,1024,True,1.28,14.0,4984.62
729,Lenovo,IdeaPad 5,AMD Ryzen 9 8900HX,AMD Radeon 780M,128,SSD,1024,True,3.37,17.3,3940.19
730,Lenovo,ThinkPad X1 Carbon,Intel i5-14600H,Intel Iris Xe,16,SSD,2048,True,2.83,18.4,2156.8
731,Lenovo,Yoga Slim 7,Intel i9-14900HK,NVIDIA RTX 4080,64,SSD,1024,True,1.46,13.3,4259.52
732,Lenovo,Legion 5,Intel Core Ultra 9 15700H,NVIDIA RTX 4070,128,SSD,2048,True,1.3,14.0,3887.98
733,Lenovo,IdeaPad 5,Intel i9-14900HK,NVIDIA RTX 4070,32,SSD,256,True,1.4,13.3,3531.92
734,Lenovo,ThinkBook 14s,Intel i5-14500H,NVIDIA RTX 4050,128,SSD,1024,True,1.09,13.3,3354.34
735,Lenovo,ThinkBook 14s,Intel i5-14500H,NVIDIA RTX 3050,8,SSD,2048,True,1.3,13.3,2014.27
736,Lenovo,Yoga Slim 7,Intel i5-14600H,NVIDIA RTX 4050,64,SSD,512,False,2.33,15.6,2500.37
737,Lenovo,IdeaPad 5,Intel i5-14600H,NVIDIA RTX 4050,8,SSD,256,False,1.55,16.0,2005.05
738,Lenovo,Legion 5,Intel i7-14700H,NVIDIA RTX 4070,128,SSD,512,True,1.27,13.3,4070.33
739,Lenovo,Legion 5,Intel Core Ultra 9 15700H,Intel Arc A750M,32,SSD,2048,False,1.4,13.3,1975.68
740,Lenovo,ThinkBook 14s,Intel i9-14900HK,NVIDIA RTX 4070,16,SSD,512,False,2.14,15.6,3299.06
741,Lenovo,Legion 5,Intel i5-14600H,NVIDIA RTX 4050,16,SSD,256,False,3.07,17.3,2117.09
742,Lenovo,IdeaPad 5,Intel i5-14600H,NVIDIA RTX 4050,64,SSD,1024,True,1.95,16.0,2743.67
743,Lenovo,Yoga Slim 7,AMD Ryzen 9 8900HX,NVIDIA RTX 4070,64,SSD,2048,True,1.44,14.0,4060.4
744,Lenovo,Legion 5,AMD Ryzen 9 8900HX,AMD Radeon 780M,16,SSD,256,False,1.28,13.3,2738.13
745,Lenovo,ThinkPad X1 Carbon,Intel Core Ultra 7 15500H,NVIDIA RTX 4060,128,SSD,4096,False,3.3,17.3,3655.56
746,Lenovo,Yoga Slim 7,Intel i7-14800H,NVIDIA RTX 4080,32,SSD,512,True,1.86,15.6,3554.5
747,Lenovo,ThinkBook 14s,Intel i9-14900HK,NVIDIA RTX 4080,8,SSD,2048,False,2.55,17.3,3805.44
748,Lenovo,Yoga Slim 7,Intel i7-14800H,NVIDIA RTX 4070,128,SSD,256,True,3.35,17.3,4102.93
749,Lenovo,Legion 5,AMD Ryzen 7 8800H,NVIDIA RTX 4070,64,SSD,512,True,3.42,18.4,3521.89
750,Lenovo,Yoga Slim 7,Intel i7-14800H,NVIDIA RTX 4060,8,SSD,256,True,2.96,17.3,2593.82
751,Lenovo,ThinkPad X1 Carbon,Intel i5-14500H,Intel Iris Xe,8,SSD,2048,True,2.65,17.3,2086.0
752,Lenovo,Yoga Slim 7,Intel i5-14600H,NVIDIA RTX 4050,16,SSD,4096,True,1.13,14.0,2620.27
753,Lenovo,Legion 5,Intel i5-14600H,NVIDIA RTX 3050,32,SSD,1024,True,2.74,17.3,2184.05
754,Lenovo,IdeaPad 5,AMD Ryzen 7 8800H,AMD Radeon 780M,64,SSD,4096,True,1.05,13.3,3396.8
755,Lenovo,Yoga Slim 7,AMD Ryzen 5 8600H,NVIDIA RTX 3050,128,SSD,2048,False,1.82,16.0,2944.83
756,Lenovo,Yoga Slim 7,Intel i5-14500H,NVIDIA RTX 4050,32,SSD,2048,False,1.04,13.3,2451.49
757,Lenovo,ThinkBook 14s,Intel i9-14900HK,NVIDIA RTX 4070,8,SSD,512,False,3.1,17.3,3249.82
758,Lenovo,Yoga Slim 7,Intel Core Ultra 7 15500H,NVIDIA RTX 4070,64,SSD,256,False,1.23,13.3,3063.93
759,Lenovo,Legion 5,AMD Ryzen 5 8600H,AMD Radeon 680M,16,SSD,2048,False,3.03,17.3,2040.24
760,Lenovo,IdeaPad 5,Intel i7-14800H,NVIDIA RTX 4070,128,SSD,256,False,1.33,13.3,3858.01
761,Lenovo,Legion 5,Intel Core Ultra 7 15500H,Intel Arc A750M,64,SSD,1024,False,2.41,15.6,2208.08
762,Lenovo,ThinkPad X1 Carbon,AMD Ryzen 5 8600H,NVIDIA RTX 4050,32,SSD,1024,False,2.38,15.6,2349.43
763,Lenovo,ThinkPad X1 Carbon,AMD Ryzen 5 8600H,NVIDIA RTX 3050,128,SSD,4096,False,3.33,18.4,3263.56
764,Lenovo,ThinkPad X1 Carbon,Intel i5-14600H,Intel Iris Xe,32,SSD,512,False,1.62,16.0,1960.66
765,Lenovo,Legion 5,Intel i5-14500H,NVIDIA RTX 4050,8,SSD,4096,False,2.64,17.3,2454.83
766,Lenovo,IdeaPad 5,Intel Core Ultra 9 15700H,NVIDIA RTX 4070,8,SSD,2048,True,1.63,16.0,2846.53
767,Lenovo,Yoga Slim 7,Intel i5-14600H,Intel Iris Xe,64,SSD,512,True,1.35,13.3,2291.89
768,Lenovo,IdeaPad 5,Intel i9-14900HK,NVIDIA RTX 4070,32,SSD,256,True,2.18,15.6,3496.73
769,Lenovo,Legion 5,Intel i5-14600H,NVIDIA RTX 4050,64,SSD,1024,True,2.17,16.0,2783.12
770,Lenovo,Yoga Slim 7,Intel i5-14500H,Intel Iris Xe,64,SSD,256,True,3.0,18.4,2369.54
771,Lenovo,ThinkBook 14s,Intel Core Ultra 9 15700H,Intel Arc A750M,128,SSD,256,False,3.46,17.3,2630.81
772,Lenovo,Legion 5,AMD Ryzen 7 8800H,NVIDIA RTX 4060,32,SSD,512,False,1.04,14.0,2725.61
773,Lenovo,ThinkBook 14s,Intel Core Ultra 7 15500H,Intel Arc A750M,16,SSD,512,True,1.55,16.0,1890.97
774,Lenovo,ThinkBook 14s,Intel Core Ultra 9 15700H,NVIDIA RTX 4080,32,SSD,256,True,1.86,16.0,3210.25
775,Lenovo,Yoga Slim 7,AMD Ryzen 5 8600H,NVIDIA RTX 3050,128,SSD,2048,True,1.47,14.0,3028.95
776,Lenovo,Legion 5,Intel i7-14800H,NVIDIA RTX 4080,32,SSD,512,False,1.37,13.3,3468.0
777,Lenovo,Yoga Slim 7,Intel i7-14700H,NVIDIA RTX 4060,64,SSD,512,True,2.98,17.3,3066.8
778,Lenovo,ThinkBook 14s,Intel i5-14500H,NVIDIA RTX 4050,16,SSD,4096,False,1.43,13.3,2451.24
779,Lenovo,IdeaPad 5,Intel i5-14600H,NVIDIA RTX 3050,16,SSD,256,True,1.92,16.0,1926.92
780,Lenovo,Legion 5,Intel i7-14800H,NVIDIA RTX 4080,128,SSD,512,True,1.2,14.0,4586.73
781,Lenovo,Legion 5,Intel Core Ultra 7 15500H,Intel Arc A750M,64,SSD,512,True,2.01,16.0,2276.93
782,Lenovo,Yoga Slim 7,Intel i7-14800H,NVIDIA RTX 4070,16,SSD,4096,False,1.04,14.0,3350.69
783,Lenovo,ThinkBook 14s,Intel i5-14600H,NVIDIA RTX 3050,16,SSD,4096,False,1.52,15.6,2275.9
784,Lenovo,ThinkBook 14s,AMD Ryzen 9 8900HX,NVIDIA RTX 4070,128,SSD,512,True,1.02,14.0,4422.87
785,Lenovo,IdeaPad 5,AMD Ryzen 7 8800H,AMD Radeon 780M,8,SSD,2048,False,1.44,14.0,2383.37
786,Lenovo,Yoga Slim 7,Intel i5-14600H,NVIDIA RTX 4050,16,SSD,1024,False,1.27,14.0,2254.58
787,Lenovo,ThinkPad X1 Carbon,Intel Core Ultra 9 15700H,Intel Arc A750M,128,SSD,512,False,2.46,16.0,2728.5
788,Lenovo,ThinkPad X1 Carbon,Intel Core Ultra 9 15700H,NVIDIA RTX 4080,128,SSD,4096,True,2.57,17.3,4533.11
789,Lenovo,ThinkBook 14s,Intel i5-14600H,NVIDIA RTX 4050,32,SSD,1024,False,2.49,16.0,2346.91
790,Lenovo,ThinkBook 14s,Intel i7-14800H,NVIDIA RTX 4070,64,SSD,512,False,1.27,14.0,3464.83
791,Lenovo,ThinkPad X1 Carbon,Intel Core Ultra 7 15500H,Intel Arc A750M,8,SSD,1024,False,1.47,14.0,1700.06
792,Lenovo,Legion 5,AMD Ryzen 5 8600H,NVIDIA RTX 4050,16,SSD,4096,True,1.64,15.6,2707.3
793,Lenovo,Yoga Slim 7,Intel Core Ultra 7 15500H,NVIDIA RTX 4070,16,SSD,256,True,2.01,15.6,2684.89
794,Lenovo,Legion 5,Intel Core Ultra 7 15500H,Intel Arc A750M,32,SSD,1024,False,3.03,17.3,1955.44
795,Lenovo,IdeaPad 5,AMD Ryzen 7 8800H,NVIDIA RTX 4070,8,SSD,1024,True,1.06,13.3,3216.19
796,Lenovo,Legion 5,AMD Ryzen 9 8900HX,NVIDIA RTX 4080,128,SSD,256,False,2.04,16.0,4772.68
797,Lenovo,Yoga Slim 7,Intel i7-14800H,NVIDIA RTX 4080,64,SSD,4096,True,2.79,18.4,4268.1
798,Lenovo,Yoga Slim 7,Intel Core Ultra 9 15700H,NVIDIA RTX 4070,16,SSD,2048,True,2.69,18.4,2939.01
799,Lenovo,Legion 5,AMD Ryzen 9 8900HX,NVIDIA RTX 4070,8,SSD,4096,True,2.89,18.4,3646.73
800,Lenovo,Yoga Slim 7,Intel i5-14600H,NVIDIA RTX 3050,32,SSD,256,False,1.42,13.3,1961.21
801,Lenovo,ThinkBook 14s,Intel i7-14800H,NVIDIA RTX 4080,64,SSD,256,True,2.33,15.6,4000.35
802,Lenovo,IdeaPad 5,Intel i5-14600H,NVIDIA RTX 3050,32,SSD,256,False,1.42,14.0,1919.7
803,Lenovo,ThinkBook 14s,AMD Ryzen 7 8800H,NVIDIA RTX 4070,32,SSD,256,True,2.01,16.0,3252.83
804,Lenovo,Legion 5,Intel Core Ultra 9 15700H,Intel Arc A750M,64,SSD,4096,False,2.58,17.3,2605.34
805,Lenovo,ThinkPad X1 Carbon,Intel i7-14700H,NVIDIA RTX 4070,8,SSD,2048,False,2.46,15.6,3022.28
806,Lenovo,IdeaPad 5,Intel i5-14600H,NVIDIA RTX 4050,32,SSD,512,False,1.58,16.0,2225.51
807,Lenovo,ThinkBook 14s,AMD Ryzen 9 8900HX,NVIDIA RTX 4070,32,SSD,1024,True,2.8,17.3,3692.48
808,Lenovo,IdeaPad 5,Intel i5-14500H,NVIDIA RTX 4050,8,SSD,512,False,1.02,14.0,2051.97
809,Lenovo,ThinkBook 14s,Intel i7-14800H,NVIDIA RTX 4070,128,SSD,256,True,1.79,16.0,4051.32
810,Lenovo,Yoga Slim 7,Intel i5-14500H,NVIDIA RTX 3050,16,SSD,2048,True,1.9,16.0,2109.37
811,Lenovo,IdeaPad 5,Intel i7-14800H,NVIDIA RTX 4070,8,SSD,2048,False,1.49,14.0,2999.81
812,Lenovo,Legion 5,Intel i9-14900HK,NVIDIA RTX 4080,128,SSD,512,True,3.26,18.4,4787.22
813,Lenovo,Yoga Slim 7,Intel i5-14500H,NVIDIA RTX 4050,8,SSD,512,False,1.48,13.3,1993.25
814,Lenovo,ThinkPad X1 Carbon,AMD Ryzen 5 8600H,AMD Radeon 680M,64,SSD,4096,False,2.03,16.0,2627.32
815,Lenovo,ThinkPad X1 Carbon,Intel i9-14900HK,NVIDIA RTX 4070,64,SSD,512,True,1.27,13.3,3908.11
816,Lenovo,Yoga Slim 7,AMD Ryzen 7 8800H,NVIDIA RTX 4060,64,SSD,256,False,1.29,14.0,3060.5
817,Lenovo,ThinkPad X1 Carbon,Intel i5-14500H,NVIDIA RTX 3050,128,SSD,512,False,1.8,15.6,2824.2
818,Lenovo,Legion 5,Intel Core Ultra 7 15500H,NVIDIA RTX 4060,8,SSD,4096,True,2.57,17.3,2663.7
819,Lenovo,ThinkPad X1 Carbon,Intel i9-14900HK,NVIDIA RTX 4070,128,SSD,512,True,2.33,15.6,4546.27
820,Lenovo,Legion 5,Intel i5-14600H,Intel Iris Xe,8,SSD,4096,False,1.1,13.3,2221.23
821,Lenovo,IdeaPad 5,Intel i9-14900HK,NVIDIA RTX 4080,128,SSD,256,True,3.01,18.4,4745.88
822,Lenovo,ThinkBook 14s,Intel i7-14700H,NVIDIA RTX 4060,16,SSD,1024,False,1.08,14.0,2758.73
823,Lenovo,Legion 5,Intel Core Ultra 9 15700H,NVIDIA RTX 4080,8,SSD,1024,False,2.7,18.4,3005.97
824,Lenovo,IdeaPad 5,Intel i7-14800H,NVIDIA RTX 4080,32,SSD,512,True,3.2,18.4,3547.23
825,Lenovo,ThinkPad X1 Carbon,Intel Core Ultra 9 15700H,NVIDIA RTX 4070,8,SSD,512,False,2.86,18.4,2505.74
826,Microsoft,Surface Go 3,Intel i7-14700H,NVIDIA RTX 4060,8,SSD,4096,True,2.47,16.0,2991.0
827,Microsoft,Surface Laptop 5,Intel Core Ultra 7 15500H,Intel Arc A750M,64,SSD,2048,False,2.75,17.3,2299.7
828,Microsoft,Surface Pro 8,AMD Ryzen 5 8600H,NVIDIA RTX 4050,32,SSD,512,False,1.03,13.3,2379.04
829,Microsoft,Surface Book 3,Intel Core Ultra 9 15700H,NVIDIA RTX 4080,32,SSD,512,False,2.63,17.3,3156.86
830,Microsoft,Surface Laptop Studio,Intel Core Ultra 9 15700H,NVIDIA RTX 4070,8,SSD,512,True,2.68,17.3,2678.79
831,Microsoft,Surface Book 3,Intel i7-14800H,NVIDIA RTX 4080,32,SSD,256,True,1.85,15.6,3575.34
832,Microsoft,Surface Go 3,Intel i5-14600H,NVIDIA RTX 3050,32,SSD,4096,True,1.06,13.3,2520.74
833,Microsoft,Surface Book 3,Intel Core Ultra 7 15500H,NVIDIA RTX 4060,64,SSD,2048,True,1.12,13.3,3021.37
834,Microsoft,Surface Pro 8,Intel i5-14600H,NVIDIA RTX 3050,64,SSD,4096,False,1.31,14.0,2690.77
835,Microsoft,Surface Pro 8,Intel i9-14900HK,NVIDIA RTX 4080,8,SSD,4096,False,2.43,16.0,3930.44
836,Microsoft,Surface Laptop 5,Intel i7-14700H,NVIDIA RTX 4060,16,SSD,512,True,3.06,18.4,2751.71
837,Microsoft,Surface Laptop Studio,Intel i7-14800H,NVIDIA RTX 4080,8,SSD,1024,False,1.25,13.3,3471.82
838,Microsoft,Surface Laptop Studio,Intel i5-14500H,Intel Iris Xe,16,SSD,2048,False,3.04,17.3,1977.57
839,Microsoft,Surface Laptop Studio,AMD Ryzen 9 8900HX,NVIDIA RTX 4080,16,SSD,512,True,1.88,15.6,3906.21
840,Microsoft,Surface Laptop Studio,AMD Ryzen 5 8600H,AMD Radeon 680M,64,SSD,4096,True,2.3,16.0,2840.32
841,Microsoft,Surface Laptop Studio,Intel i5-14600H,NVIDIA RTX 4050,128,SSD,256,False,3.02,18.4,3068.15
842,Microsoft,Surface Laptop Studio,Intel Core Ultra 9 15700H,NVIDIA RTX 4070,16,SSD,4096,True,1.37,13.3,3030.67
843,Microsoft,Surface Go 3,AMD Ryzen 5 8600H,NVIDIA RTX 3050,16,SSD,2048,True,1.18,14.0,2137.1
844,Microsoft,Surface Laptop 5,AMD Ryzen 7 8800H,NVIDIA RTX 4060,8,SSD,2048,False,2.69,17.3,2641.32
845,Microsoft,Surface Go 3,Intel Core Ultra 9 15700H,Intel Arc A750M,8,SSD,2048,False,3.1,17.3,1857.24
846,Microsoft,Surface Pro 8,AMD Ryzen 5 8600H,NVIDIA RTX 4050,32,SSD,512,True,2.14,16.0,2350.66
847,Microsoft,Surface Go 3,AMD Ryzen 5 8600H,AMD Radeon 680M,64,SSD,2048,True,1.56,15.6,2546.77
848,Microsoft,Surface Book 3,AMD Ryzen 9 8900HX,NVIDIA RTX 4070,128,SSD,256,False,1.96,15.6,4307.41
849,Microsoft,Surface Pro 8,Intel i5-14500H,NVIDIA RTX 4050,8,SSD,256,False,1.19,13.3,2017.64
850,Microsoft,Surface Laptop Studio,Intel Core Ultra 7 15500H,NVIDIA RTX 4060,32,SSD,1024,False,1.75,16.0,2518.28
851,Microsoft,Surface Laptop Studio,AMD Ryzen 5 8600H,NVIDIA RTX 4050,128,SSD,2048,False,1.23,13.3,3285.08
852,Microsoft,Surface Laptop Studio,Intel i9-14900HK,NVIDIA RTX 4080,8,SSD,2048,False,2.28,16.0,3808.75
853,Microsoft,Surface Book 3,Intel i7-14800H,NVIDIA RTX 4070,32,SSD,1024,True,2.46,15.6,3240.13
854,Microsoft,Surface Pro 8,AMD Ryzen 7 8800H,NVIDIA RTX 4060,8,SSD,2048,True,3.49,18.4,2788.31
855,Microsoft,Surface Go 3,Intel i5-14500H,Intel Iris Xe,32,SSD,256,True,2.39,16.0,2089.44
856,Microsoft,Surface Laptop Studio,Intel i7-14800H,NVIDIA RTX 4080,8,SSD,256,False,1.55,16.0,3372.23
857,Microsoft,Surface Laptop Studio,AMD Ryzen 5 8600H,AMD Radeon 680M,32,SSD,2048,False,1.28,14.0,2227.9
858,Microsoft,Surface Go 3,AMD Ryzen 7 8800H,NVIDIA RTX 4060,16,SSD,4096,True,2.37,15.6,3182.87
859,Microsoft,Surface Laptop Studio,Intel Core Ultra 7 15500H,Intel Arc A750M,64,SSD,2048,False,2.65,17.3,2303.14
860,Microsoft,Surface Book 3,Intel i7-14700H,NVIDIA RTX 4060,8,SSD,2048,True,1.94,15.6,2840.27
861,Microsoft,Surface Pro 8,AMD Ryzen 5 8600H,AMD Radeon 680M,32,SSD,4096,True,1.25,14.0,2496.87
862,Microsoft,Surface Book 3,AMD Ryzen 7 8800H,NVIDIA RTX 4060,64,SSD,2048,False,2.1,16.0,3236.21
863,Microsoft,Surface Go 3,Intel i5-14500H,NVIDIA RTX 4050,16,SSD,256,True,1.76,15.6,2167.83
864,Microsoft,Surface Book 3,Intel i5-14600H,NVIDIA RTX 4050,8,SSD,1024,True,1.8,15.6,2243.97
865,Microsoft,Surface Pro 8,Intel i9-14900HK,NVIDIA RTX 4070,8,SSD,512,False,1.55,16.0,3279.94
866,Microsoft,Surface Book 3,Intel i5-14600H,Intel Iris Xe,64,SSD,2048,False,2.0,16.0,2490.26
867,Microsoft,Surface Go 3,Intel i5-14500H,Intel Iris Xe,128,SSD,2048,False,2.76,17.3,2999.81
868,Microsoft,Surface Book 3,AMD Ryzen 7 8800H,NVIDIA RTX 4060,16,SSD,256,True,2.45,15.6,2726.55
869,Microsoft,Surface Laptop Studio,Intel i5-14600H,Intel Iris Xe,64,SSD,512,False,1.19,13.3,2388.76
870,Microsoft,Surface Laptop 5,Intel i7-14800H,NVIDIA RTX 4070,32,SSD,2048,True,1.91,16.0,3437.17
871,Microsoft,Surface Book 3,AMD Ryzen 7 8800H,NVIDIA RTX 4060,64,SSD,256,True,3.42,18.4,3143.4
872,Microsoft,Surface Laptop 5,AMD Ryzen 5 8600H,NVIDIA RTX 4050,64,SSD,4096,True,1.64,16.0,3130.41
873,Microsoft,Surface Pro 8,Intel i9-14900HK,NVIDIA RTX 4070,128,SSD,4096,True,3.27,18.4,4884.76
874,Microsoft,Surface Book 3,Intel i7-14800H,NVIDIA RTX 4060,16,SSD,512,True,1.83,15.6,2711.23
875,Microsoft,Surface Pro 8,AMD Ryzen 9 8900HX,AMD Radeon 780M,8,SSD,2048,False,1.19,14.0,2723.38
876,Microsoft,Surface Laptop Studio,Intel Core Ultra 7 15500H,NVIDIA RTX 4070,128,SSD,512,True,1.72,15.6,3787.69
877,Microsoft,Surface Laptop 5,AMD Ryzen 7 8800H,NVIDIA RTX 4060,32,SSD,512,True,2.12,15.6,2933.64
878,Microsoft,Surface Go 3,Intel i7-14800H,NVIDIA RTX 4060,32,SSD,256,True,1.06,13.3,2853.55
879,Microsoft,Surface Go 3,AMD Ryzen 9 8900HX,NVIDIA RTX 4080,16,SSD,4096,False,2.87,17.3,4190.58
880,Microsoft,Surface Laptop Studio,Intel Core Ultra 9 15700H,Intel Arc A750M,64,SSD,2048,False,1.35,14.0,2232.25
881,Microsoft,Surface Pro 8,AMD Ryzen 7 8800H,NVIDIA RTX 4060,32,SSD,256,True,2.46,16.0,2907.12
882,Microsoft,Surface Book 3,Intel i7-14700H,NVIDIA RTX 4070,8,SSD,4096,False,1.28,14.0,3380.02
883,Microsoft,Surface Laptop 5,AMD Ryzen 9 8900HX,AMD Radeon 780M,128,SSD,1024,False,2.45,16.0,3770.42
884,Microsoft,Surface Pro 8,Intel Core Ultra 7 15500H,NVIDIA RTX 4070,64,SSD,4096,False,1.33,13.3,3330.21
885,Microsoft,Surface Laptop Studio,Intel i7-14800H,NVIDIA RTX 4080,64,SSD,512,True,1.24,14.0,4057.66
886,Microsoft,Surface Pro 8,Intel i9-14900HK,NVIDIA RTX 4070,64,SSD,256,True,2.47,16.0,3922.98
887,Microsoft,Surface Go 3,AMD Ryzen 9 8900HX,AMD Radeon 780M,64,SSD,2048,True,2.15,16.0,3466.46
888,Microsoft,Surface Go 3,AMD Ryzen 9 8900HX,NVIDIA RTX 4070,8,SSD,256,True,1.44,14.0,3171.03
889,Microsoft,Surface Pro 8,Intel i9-14900HK,NVIDIA RTX 4080,128,SSD,1024,False,2.75,18.4,4926.11
890,Microsoft,Surface Laptop 5,AMD Ryzen 9 8900HX,NVIDIA RTX 4080,128,SSD,256,True,1.49,14.0,4638.36
891,Microsoft,Surface Laptop Studio,Intel i7-14800H,NVIDIA RTX 4060,16,SSD,1024,True,1.12,13.3,2849.32
892,Microsoft,Surface Pro 8,AMD Ryzen 9 8900HX,NVIDIA RTX 4080,32,SSD,1024,True,2.52,18.4,4058.79
893,Microsoft,Surface Book 3,AMD Ryzen 9 8900HX,NVIDIA RTX 4080,128,SSD,512,True,1.06,13.3,4922.89
894,Microsoft,Surface Book 3,Intel i7-14700H,NVIDIA RTX 4070,32,SSD,4096,True,2.8,18.4,3658.11
895,Microsoft,Surface Pro 8,Intel i9-14900HK,NVIDIA RTX 4080,32,SSD,2048,False,1.09,14.0,4123.69
896,Microsoft,Surface Laptop Studio,Intel i9-14900HK,NVIDIA RTX 4070,128,SSD,512,False,1.43,13.3,4112.41
897,Microsoft,Surface Go 3,AMD Ryzen 7 8800H,AMD Radeon 780M,64,SSD,1024,True,1.19,14.0,2979.73
898,Microsoft,Surface Book 3,Intel i7-14800H,NVIDIA RTX 4060,128,SSD,1024,True,1.84,15.6,3842.2
899,Microsoft,Surface Laptop 5,Intel i9-14900HK,NVIDIA RTX 4080,16,SSD,1024,True,1.08,13.3,3926.01
900,Microsoft,Surface Laptop Studio,AMD Ryzen 7 8800H,AMD Radeon 780M,64,SSD,256,True,1.61,15.6,2949.23
901,Microsoft,Surface Book 3,Intel i5-14600H,Intel Iris Xe,8,SSD,1024,False,2.93,17.3,1783.86
902,Microsoft,Surface Go 3,AMD Ryzen 5 8600H,NVIDIA RTX 3050,8,SSD,256,False,1.9,15.6,1725.41
903,Microsoft,Surface Laptop 5,AMD Ryzen 9 8900HX,NVIDIA RTX 4080,8,SSD,1024,False,2.94,18.4,3815.13
904,Microsoft,Surface Laptop Studio,Intel i5-14600H,NVIDIA RTX 4050,32,SSD,512,False,1.96,15.6,2243.58
905,Microsoft,Surface Book 3,AMD Ryzen 7 8800H,AMD Radeon 780M,128,SSD,2048,True,1.06,14.0,3659.79
906,Microsoft,Surface Go 3,Intel i7-14700H,NVIDIA RTX 4070,8,SSD,1024,False,1.73,16.0,3018.29
907,Microsoft,Surface Book 3,AMD Ryzen 7 8800H,AMD Radeon 780M,32,SSD,256,False,2.72,18.4,2442.0
908,Microsoft,Surface Pro 8,Intel i7-14700H,NVIDIA RTX 4070,8,SSD,512,False,1.36,14.0,2831.04
909,Microsoft,Surface Go 3,Intel i9-14900HK,NVIDIA RTX 4070,64,SSD,256,True,2.5,16.0,3834.62
910,Microsoft,Surface Book 3,Intel i9-14900HK,NVIDIA RTX 4070,64,SSD,256,True,1.18,13.3,3722.8
911,Microsoft,Surface Go 3,Intel i5-14500H,NVIDIA RTX 3050,128,SSD,256,True,2.97,18.4,2826.5
912,Microsoft,Surface Go 3,Intel i9-14900HK,NVIDIA RTX 4070,64,SSD,4096,False,1.61,16.0,4072.87
913,Microsoft,Surface Book 3,AMD Ryzen 5 8600H,NVIDIA RTX 4050,16,SSD,4096,True,2.08,15.6,2679.3
914,Microsoft,Surface Pro 8,Intel Core Ultra 9 15700H,NVIDIA RTX 4080,16,SSD,512,False,1.94,15.6,2995.14
915,Microsoft,Surface Go 3,Intel i9-14900HK,NVIDIA RTX 4070,128,SSD,256,True,3.29,17.3,4324.81
916,Microsoft,Surface Book 3,AMD Ryzen 5 8600H,NVIDIA RTX 4050,32,SSD,512,False,2.21,15.6,2239.59
917,Microsoft,Surface Laptop Studio,AMD Ryzen 5 8600H,NVIDIA RTX 3050,16,SSD,1024,False,1.17,14.0,1930.1
918,Microsoft,Surface Laptop 5,Intel Core Ultra 7 15500H,Intel Arc A750M,64,SSD,1024,True,1.62,16.0,2347.84
919,Microsoft,Surface Laptop Studio,AMD Ryzen 7 8800H,AMD Radeon 780M,128,SSD,256,False,3.18,18.4,3298.1
920,Microsoft,Surface Book 3,AMD Ryzen 7 8800H,NVIDIA RTX 4070,128,SSD,1024,True,3.14,17.3,4098.66
921,Microsoft,Surface Laptop Studio,Intel i7-14800H,NVIDIA RTX 4080,64,SSD,256,False,1.94,15.6,3804.28
922,Microsoft,Surface Laptop Studio,Intel Core Ultra 7 15500H,NVIDIA RTX 4060,16,SSD,1024,False,2.65,17.3,2270.37
923,Microsoft,Surface Laptop 5,Intel i5-14600H,NVIDIA RTX 3050,32,SSD,512,True,2.57,17.3,2085.28
924,Microsoft,Surface Go 3,Intel i7-14700H,NVIDIA RTX 4070,8,SSD,256,False,3.28,17.3,2881.71
925,Microsoft,Surface Book 3,Intel i5-14600H,NVIDIA RTX 3050,8,SSD,512,False,2.48,16.0,1725.56
926,Microsoft,Surface Book 3,Intel i7-14700H,NVIDIA RTX 4070,128,SSD,2048,True,1.94,16.0,4301.55
927,Microsoft,Surface Book 3,AMD Ryzen 7 8800H,NVIDIA RTX 4070,32,SSD,4096,False,3.31,18.4,3454.22
928,Microsoft,Surface Book 3,Intel i5-14600H,NVIDIA RTX 3050,64,SSD,256,False,1.61,15.6,2246.04
929,Microsoft,Surface Book 3,Intel i9-14900HK,NVIDIA RTX 4080,16,SSD,256,False,3.32,17.3,3611.17
930,Microsoft,Surface Pro 8,AMD Ryzen 7 8800H,AMD Radeon 780M,8,SSD,4096,True,2.81,17.3,2697.12
931,Microsoft,Surface Laptop 5,Intel i5-14500H,NVIDIA RTX 3050,32,SSD,2048,False,2.41,15.6,2159.6
932,Microsoft,Surface Pro 8,Intel i7-14800H,NVIDIA RTX 4080,64,SSD,1024,False,1.41,13.3,3803.7
933,Microsoft,Surface Pro 8,AMD Ryzen 7 8800H,NVIDIA RTX 4070,32,SSD,512,False,2.11,16.0,2976.85
934,Microsoft,Surface Laptop 5,Intel Core Ultra 7 15500H,NVIDIA RTX 4070,16,SSD,512,False,1.07,13.3,2595.67
935,Microsoft,Surface Laptop Studio,Intel i7-14700H,NVIDIA RTX 4060,32,SSD,512,False,1.45,13.3,2634.1
936,Microsoft,Surface Laptop Studio,Intel i7-14800H,NVIDIA RTX 4080,16,SSD,2048,True,2.11,16.0,3695.31
937,Microsoft,Surface Go 3,Intel Core Ultra 7 15500H,Intel Arc A750M,128,SSD,4096,True,3.28,17.3,3219.63
938,Microsoft,Surface Go 3,Intel i5-14600H,NVIDIA RTX 4050,16,SSD,1024,True,1.99,15.6,2353.29
939,Microsoft,Surface Pro 8,AMD Ryzen 7 8800H,AMD Radeon 780M,128,SSD,4096,False,1.12,14.0,3802.24
940,Microsoft,Surface Book 3,AMD Ryzen 5 8600H,AMD Radeon 680M,32,SSD,4096,False,1.35,14.0,2259.89
941,Microsoft,Surface Book 3,AMD Ryzen 5 8600H,NVIDIA RTX 3050,64,SSD,4096,True,3.21,17.3,2758.36
942,Microsoft,Surface Book 3,Intel i9-14900HK,NVIDIA RTX 4070,32,SSD,4096,True,1.04,14.0,3954.75
943,Microsoft,Surface Laptop 5,Intel i5-14500H,NVIDIA RTX 3050,64,SSD,1024,False,1.87,15.6,2269.17
944,Microsoft,Surface Pro 8,Intel i7-14700H,NVIDIA RTX 4070,128,SSD,256,True,1.26,13.3,4148.26
945,Microsoft,Surface Book 3,Intel i7-14700H,NVIDIA RTX 4060,8,SSD,512,True,1.08,13.3,2630.03
946,Microsoft,Surface Go 3,Intel Core Ultra 7 15500H,NVIDIA RTX 4060,32,SSD,1024,False,2.06,15.6,2476.45
947,Microsoft,Surface Go 3,AMD Ryzen 5 8600H,AMD Radeon 680M,128,SSD,4096,True,1.62,15.6,3317.83
948,Microsoft,Surface Laptop 5,AMD Ryzen 9 8900HX,AMD Radeon 780M,8,SSD,256,True,2.83,17.3,2626.64
949,Microsoft,Surface Book 3,Intel i5-14600H,NVIDIA RTX 4050,16,SSD,512,True,2.03,16.0,2226.34
950,Microsoft,Surface Pro 8,Intel i5-14500H,NVIDIA RTX 3050,8,SSD,256,False,1.37,13.3,1709.82
951,Microsoft,Surface Pro 8,AMD Ryzen 7 8800H,NVIDIA RTX 4070,32,SSD,256,False,1.1,14.0,3168.38
952,Microsoft,Surface Laptop 5,Intel i7-14700H,NVIDIA RTX 4060,64,SSD,256,True,1.06,13.3,3147.25
953,Microsoft,Surface Pro 8,Intel i9-14900HK,NVIDIA RTX 4080,32,SSD,256,True,1.01,13.3,3971.51
954,Microsoft,Surface Laptop Studio,Intel i7-14700H,NVIDIA RTX 4070,8,SSD,2048,False,1.31,14.0,2942.83
955,Microsoft,Surface Go 3,AMD Ryzen 7 8800H,AMD Radeon 780M,16,SSD,1024,True,1.22,13.3,2534.21
956,Microsoft,Surface Pro 8,Intel Core Ultra 7 15500H,NVIDIA RTX 4070,64,SSD,1024,False,3.31,17.3,3110.96
957,Microsoft,Surface Laptop 5,Intel Core Ultra 7 15500H,NVIDIA RTX 4070,128,SSD,2048,False,1.34,14.0,3627.27
958,Microsoft,Surface Laptop Studio,Intel i5-14600H,Intel Iris Xe,8,SSD,1024,False,2.0,16.0,1841.78
959,Microsoft,Surface Go 3,AMD Ryzen 5 8600H,NVIDIA RTX 3050,128,SSD,512,False,1.12,13.3,2838.91
960,Microsoft,Surface Go 3,Intel i9-14900HK,NVIDIA RTX 4070,64,SSD,2048,True,1.11,14.0,4132.66
961,Microsoft,Surface Go 3,AMD Ryzen 9 8900HX,AMD Radeon 780M,128,SSD,4096,True,3.0,18.4,4239.94
962,Microsoft,Surface Laptop 5,Intel Core Ultra 7 15500H,NVIDIA RTX 4060,16,SSD,256,False,1.14,14.0,2306.18
963,Microsoft,Surface Book 3,Intel i7-14800H,NVIDIA RTX 4080,16,SSD,256,True,1.59,15.6,3476.56
964,Microsoft,Surface Pro 8,AMD Ryzen 9 8900HX,NVIDIA RTX 4080,32,SSD,1024,True,1.02,13.3,4087.21
965,Microsoft,Surface Laptop 5,Intel i7-14800H,NVIDIA RTX 4080,32,SSD,1024,True,1.92,16.0,3746.75
966,Microsoft,Surface Laptop Studio,Intel i5-14600H,NVIDIA RTX 3050,8,SSD,512,False,1.15,14.0,1853.34
967,Microsoft,Surface Laptop Studio,Intel i7-14800H,NVIDIA RTX 4080,16,SSD,1024,False,3.18,18.4,3399.15
968,Microsoft,Surface Go 3,AMD Ryzen 9 8900HX,AMD Radeon 780M,16,SSD,4096,False,2.14,16.0,2983.59
969,Microsoft,Surface Laptop 5,Intel Core Ultra 7 15500H,Intel Arc A750M,16,SSD,2048,True,1.77,16.0,2035.04
970,Microsoft,Surface Go 3,AMD Ryzen 9 8900HX,NVIDIA RTX 4070,128,SSD,512,False,1.75,16.0,4324.35
971,Microsoft,Surface Pro 8,Intel i9-14900HK,NVIDIA RTX 4070,32,SSD,512,False,1.02,14.0,3365.73
972,Microsoft,Surface Book 3,Intel Core Ultra 9 15700H,Intel Arc A750M,32,SSD,2048,False,1.32,13.3,2026.68
973,Microsoft,Surface Laptop Studio,AMD Ryzen 9 8900HX,NVIDIA RTX 4070,128,SSD,256,True,1.2,14.0,4351.16
974,Microsoft,Surface Book 3,AMD Ryzen 5 8600H,AMD Radeon 680M,16,SSD,4096,True,2.7,18.4,2403.31
975,Microsoft,Surface Pro 8,AMD Ryzen 7 8800H,AMD Radeon 780M,32,SSD,1024,False,2.06,16.0,2453.06
976,Microsoft,Surface Pro 8,Intel Core Ultra 7 15500H,Intel Arc A750M,16,SSD,4096,False,1.73,15.6,2142.38
977,Microsoft,Surface Pro 8,AMD Ryzen 7 8800H,AMD Radeon 780M,16,SSD,256,True,1.04,13.3,2514.28
978,Microsoft,Surface Laptop 5,Intel i5-14600H,NVIDIA RTX 4050,16,SSD,256,False,3.33,18.4,2087.09
979,Microsoft,Surface Go 3,AMD Ryzen 7 8800H,NVIDIA RTX 4070,64,SSD,512,False,2.24,15.6,3365.64
980,Microsoft,Surface Book 3,AMD Ryzen 9 8900HX,AMD Radeon 780M,16,SSD,256,True,1.16,13.3,2778.87
981,Microsoft,Surface Go 3,Intel i7-14800H,NVIDIA RTX 4060,8,SSD,1024,False,2.2,15.6,2614.53
982,Microsoft,Surface Book 3,Intel i5-14500H,NVIDIA RTX 3050,64,SSD,2048,True,2.94,17.3,2480.14
983,Microsoft,Surface Laptop Studio,Intel i7-14700H,NVIDIA RTX 4070,64,SSD,1024,False,1.12,14.0,3568.41
984,Microsoft,Surface Book 3,AMD Ryzen 5 8600H,AMD Radeon 680M,8,SSD,4096,False,2.38,15.6,2083.28
985,Microsoft,Surface Pro 8,Intel i5-14500H,NVIDIA RTX 3050,32,SSD,4096,True,2.13,15.6,2552.92
986,Microsoft,Surface Go 3,Intel i7-14700H,NVIDIA RTX 4070,8,SSD,512,True,1.79,15.6,3002.39
987,Microsoft,Surface Book 3,AMD Ryzen 9 8900HX,NVIDIA RTX 4070,64,SSD,1024,True,1.24,14.0,3867.91
988,Microsoft,Surface Book 3,Intel i9-14900HK,NVIDIA RTX 4070,16,SSD,1024,False,1.09,13.3,3370.49
989,Microsoft,Surface Pro 8,Intel i7-14700H,NVIDIA RTX 4070,16,SSD,256,False,1.99,16.0,2808.48
990,Microsoft,Surface Laptop 5,Intel i7-14800H,NVIDIA RTX 4060,128,SSD,512,False,1.36,14.0,3480.06
991,Microsoft,Surface Book 3,AMD Ryzen 9 8900HX,NVIDIA RTX 4070,128,SSD,256,True,3.3,17.3,4387.83
992,Microsoft,Surface Pro 8,AMD Ryzen 5 8600H,AMD Radeon 680M,8,SSD,512,True,2.41,16.0,1889.75
993,Microsoft,Surface Laptop 5,AMD Ryzen 5 8600H,AMD Radeon 680M,128,SSD,512,False,2.07,16.0,2737.54
994,Microsoft,Surface Go 3,Intel i5-14500H,NVIDIA RTX 4050,32,SSD,256,False,1.96,16.0,2263.51
995,Microsoft,Surface Go 3,Intel i7-14800H,NVIDIA RTX 4070,32,SSD,512,False,1.15,13.3,3172.97
996,Microsoft,Surface Go 3,Intel i9-14900HK,NVIDIA RTX 4070,8,SSD,256,True,2.46,15.6,3279.22
997,Microsoft,Surface Book 3,AMD Ryzen 5 8600H,AMD Radeon 680M,64,SSD,4096,True,3.13,18.4,2801.12
998,Microsoft,Surface Laptop 5,Intel i9-14900HK,NVIDIA RTX 4080,32,SSD,512,True,2.12,16.0,3874.74
999,Microsoft,Surface Go 3,Intel i7-14700H,NVIDIA RTX 4060,16,SSD,1024,True,1.05,14.0,2805.87
